model,brand,company,year,price,engine,horsepower,fuelcons,clearance,trunk,body,country,quantity,body1,body2,body3,body4,russia,price_adj,tariff,comp_id,share,sumshare,logshare,comp1,comp2,comp3,comp4,comp5,comp6,comp7,comp8,comp9,engine_yr,engine_fm,engine_iv,horsepower_yr,horsepower_fm,horsepower_iv,fuelcons_yr,fuelcons_fm,fuelcons_iv,clearance_yr,clearance_fm,clearance_iv,trunk_yr,trunk_fm,trunk_iv,brand_id,delta0,el,id,tilde_share,tilde_price,share1,share2,share3,share4,share5,share6,share7,share8,share9,share10,share11,share12,share13,share14,share15,share16,share17,share18,share19,share20,share21,share22,share23,share24,share25,delta1,delta2,delta3,delta4,delta5,delta6,delta7,delta8,delta9,delta10,delta11,delta12,delta13,delta14,delta15,delta16,delta17,delta18,delta19,delta20,delta21,delta22,delta23,delta24,delta25,markup,mc,margins,counter_tariff
Focus,Ford,Ford Motor Company,2013,629000,1.6,85,5.9,150,277,hatchback,Russia,67142,0,1,0,0,1,629000,0,1,.0067142001,.1418948,-4.850502,1,0,0,0,0,0,0,0,0,39.799999,2.3841858e-08,36.599998,2497,0,2327,182.5,9.5367433e-08,170.7,3703,0,3403,11003,0,10449,4,-5.5817113,2.0196056,1,.0067142001,629000,.0067142001,.0054366998,.0053344001,.0028897999,.0042039999,.0113991,.0031705999,.0034981,.0089787999,.0033451,.0051692999,.0166947,.0067960001,.0057640998,.0057687,.0040098,.0040739002,.0083702002,.0050893999,.0043736999,.0032895,.0030644001,.0039885002,.0032152999,.0072565,2.1558085e-08,0,0,0,0,0,0,0,0,0,0,0,0,0,0,0,0,0,0,0,0,0,0,0,0,311446.97,317553.03,.49514621,0
Cruze,Chevrolet,General Motors,2013,913000,1.6,109,7.3,140,450,sedan,Russia,54367,0,0,1,0,1,913000,0,2,.0054366998,.1418948,-5.0615544,0,1,0,0,0,0,0,0,0,39.799999,4.8000002,31.799999,2497,275,2004,182.5,26,141.89999,3703,423,3000,11003,1310,8793,1,-5.6113567,2.9352486,2,.0054366998,913000,.0067142001,.0054366998,.0053344001,.0028897999,.0042039999,.0113991,.0031705999,.0034981,.0089787999,.0033451,.0051692999,.0166947,.0067960001,.0057640998,.0057687,.0040098,.0040739002,.0083702002,.0050893999,.0043736999,.0032895,.0030644001,.0039885002,.0032152999,.0072565,0,1.7478714e-08,-9.3748134e-11,-5.0786094e-11,-7.3882185e-11,0,0,0,0,0,0,0,0,0,0,0,0,0,0,0,0,0,0,0,0,314536.09,598463.88,.34450832,0
Niva,Chevrolet,General Motors,2013,519000,1.7,80,10.8,200,320,SUV,Russia,53344,1,0,0,0,1,519000,0,2,.0053344001,.1418948,-5.0805502,0,1,0,0,0,0,0,0,0,39.799999,4.7000003,31.699999,2497,304,2033,182.5,22.5,138.39999,3703,363,2940,11003,1440,8923,1,-5.4813461,1.6687303,3,.0053344001,519000,.0067142001,.0054366998,.0053344001,.0028897999,.0042039999,.0113991,.0031705999,.0034981,.0089787999,.0033451,.0051692999,.0166947,.0067960001,.0057640998,.0057687,.0040098,.0040739002,.0083702002,.0050893999,.0043736999,.0032895,.0030644001,.0039885002,.0032152999,.0072565,0,-9.3748134e-11,1.7151589e-08,-4.9830477e-11,-7.2491978e-11,0,0,0,0,0,0,0,0,0,0,0,0,0,0,0,0,0,0,0,0,314536.09,204463.91,.60604256,0
Nexia,Daewoo,General Motors,2013,450000,1.5,80,8.1,158,530,sedan,Uzbek,28898,0,0,1,0,0,450000,.25,2,.0028897999,.1418948,-5.6935396,0,1,0,0,0,0,0,0,0,39.799999,4.9000001,31.9,2497,304,2033,182.5,25.199999,141.10001,3703,405,2982,11003,1230,8713,2,-5.0369363,1.4504319,4,.00231184,360000,.0067142001,.0054366998,.0053344001,.0028897999,.0042039999,.0113991,.0031705999,.0034981,.0089787999,.0033451,.0051692999,.0166947,.0067960001,.0057640998,.0057687,.0040098,.0040739002,.0083702002,.0050893999,.0043736999,.0032895,.0030644001,.0039885002,.0032152999,.0072565,0,-5.0786094e-11,-4.9830477e-11,9.3143511e-09,-3.9271017e-11,0,0,0,0,0,0,0,0,0,0,0,0,0,0,0,0,0,0,0,0,252664.94,107335.06,.56147766,.30000001
Astra,Opel,General Motors,2013,724900,1.6,115,7.1,65,460,sedan,?,42040,0,0,1,0,0,724900,.25,2,.0042039999,.1418948,-5.3186903,0,1,0,0,0,0,0,0,0,39.799999,4.8000002,31.799999,2497,269,1998,182.5,26.199999,142.10001,3703,498,3075,11003,1300,8783,11,-5.0798645,2.3334053,5,.0033632,579920,.0067142001,.0054366998,.0053344001,.0028897999,.0042039999,.0113991,.0031705999,.0034981,.0089787999,.0033451,.0051692999,.0166947,.0067960001,.0057640998,.0057687,.0040098,.0040739002,.0083702002,.0050893999,.0043736999,.0032895,.0030644001,.0039885002,.0032152999,.0072565,0,-7.3882185e-11,-7.2491978e-11,-3.9271017e-11,1.3532397e-08,0,0,0,0,0,0,0,0,0,0,0,0,0,0,0,0,0,0,0,0,252664.94,327255.06,.34855145,.30000001
Solaris,Hyundai,Hyundai Motor,2013,459000,1.4,107,5.9,160,454,sedan,Russia,113991,0,0,1,0,1,459000,0,4,.0113991,.1418948,-4.3211923,0,0,1,0,0,0,0,0,0,39.799999,6.7999997,30.199999,2497,506,1777,182.5,28.1,142.60001,3703,557,2826,11003,2035,8060,5,-4.4194427,1.4668151,6,.0113991,459000,.0067142001,.0054366998,.0053344001,.0028897999,.0042039999,.0113991,.0031705999,.0034981,.0089787999,.0033451,.0051692999,.0166947,.0067960001,.0057640998,.0057687,.0040098,.0040739002,.0083702002,.0050893999,.0043736999,.0032895,.0030644001,.0039885002,.0032152999,.0072565,0,0,0,0,0,3.6427824e-08,-1.1682981e-10,-1.2889749e-10,-3.3084954e-10,-1.2325976e-10,0,0,0,0,0,0,0,0,0,0,0,0,0,0,0,318413.41,140586.59,.6937111,0
ix35,Hyundai,Hyundai Motor,2013,1079900,2,149,8.6,75,591,SUV,Slovakia,31706,1,0,0,0,0,1079900,.25,4,.0031705999,.1418948,-5.6008058,0,0,1,0,0,0,0,0,0,39.799999,6.1999998,29.599998,2497,464,1735,182.5,25.4,139.89999,3703,642,2911,11003,1898,7923,5,-5.6850414,3.4797342,7,.0025364798,863920,.0067142001,.0054366998,.0053344001,.0028897999,.0042039999,.0113991,.0031705999,.0034981,.0089787999,.0033451,.0051692999,.0166947,.0067960001,.0057640998,.0057687,.0040098,.0040739002,.0083702002,.0050893999,.0043736999,.0032895,.0030644001,.0039885002,.0032152999,.0072565,0,0,0,0,0,-1.1682981e-10,1.0216543e-08,-3.5852162e-11,-9.2024069e-11,-3.4284058e-11,0,0,0,0,0,0,0,0,0,0,0,0,0,0,0,256542.22,607377.75,.23756109,.30000001
Cee'd,Kia,Hyundai Motor,2013,609900,1.4,100,6.1,150,380,hatchback,?,34981,0,1,0,0,0,609900,.25,4,.0034981,.1418948,-5.5025067,0,0,1,0,0,0,0,0,0,39.799999,6.7999997,30.199999,2497,513,1784,182.5,27.9,142.39999,3703,567,2836,11003,2109,8134,6,-5.4690776,1.9646195,8,.00279848,487920,.0067142001,.0054366998,.0053344001,.0028897999,.0042039999,.0113991,.0031705999,.0034981,.0089787999,.0033451,.0051692999,.0166947,.0067960001,.0057640998,.0057687,.0040098,.0040739002,.0083702002,.0050893999,.0043736999,.0032895,.0030644001,.0039885002,.0032152999,.0072565,0,0,0,0,0,-1.2889749e-10,-3.5852162e-11,1.1268135e-08,-1.0152949e-10,-3.7825354e-11,0,0,0,0,0,0,0,0,0,0,0,0,0,0,0,256542.23,231377.77,.42063001,.30000001
Rio,Kia,Hyundai Motor,2013,499000,1.4,107,5.9,160,500,sedan,Russia,89788,0,0,1,0,1,499000,0,4,.0089787999,.1418948,-4.5598602,0,0,1,0,0,0,0,0,0,39.799999,6.7999997,30.199999,2497,506,1777,182.5,28.1,142.60001,3703,557,2826,11003,1989,8014,6,-4.4794579,1.5985461,9,.0089787999,499000,.0067142001,.0054366998,.0053344001,.0028897999,.0042039999,.0113991,.0031705999,.0034981,.0089787999,.0033451,.0051692999,.0166947,.0067960001,.0057640998,.0057687,.0040098,.0040739002,.0083702002,.0050893999,.0043736999,.0032895,.0030644001,.0039885002,.0032152999,.0072565,0,0,0,0,0,-3.3084954e-10,-9.2024069e-11,-1.0152949e-10,2.8763578e-08,-9.7088788e-11,0,0,0,0,0,0,0,0,0,0,0,0,0,0,0,318413.41,180586.59,.63810301,0
Sportage,Kia,Hyundai Motor,2013,889900,2,150,7.5,172,564,SUV,foreign,33451,1,0,0,0,0,889900,.25,4,.0033451,.1418948,-5.5472302,0,0,1,0,0,0,0,0,0,39.799999,6.1999998,29.599998,2497,463,1734,182.5,26.5,141,3703,545,2814,11003,1925,7950,6,-4.9950018,2.8670001,10,.00267608,711920,.0067142001,.0054366998,.0053344001,.0028897999,.0042039999,.0113991,.0031705999,.0034981,.0089787999,.0033451,.0051692999,.0166947,.0067960001,.0057640998,.0057687,.0040098,.0040739002,.0083702002,.0050893999,.0043736999,.0032895,.0030644001,.0039885002,.0032152999,.0072565,0,0,0,0,0,-1.2325976e-10,-3.4284058e-11,-3.7825354e-11,-9.7088788e-11,1.0776943e-08,0,0,0,0,0,0,0,0,0,0,0,0,0,0,0,256542.23,455377.75,.2882821,.30000001
4x4,Lada,Renault Group,2013,351500,1.7,83,9.9,205,265,SUV,Russia,51693,1,0,0,0,1,351500,0,7,.0051692999,.1418948,-5.1119895,0,0,0,0,0,1,0,0,0,39.799999,14,22.4,2497,797,1534,182.5,65.400002,97.299995,3703,1495,1798,11003,3910,6563,7,-5.350688,1.1303585,11,.0051692999,351500,.0067142001,.0054366998,.0053344001,.0028897999,.0042039999,.0113991,.0031705999,.0034981,.0089787999,.0033451,.0051692999,.0166947,.0067960001,.0057640998,.0057687,.0040098,.0040739002,.0083702002,.0050893999,.0043736999,.0032895,.0030644001,.0039885002,.0032152999,.0072565,0,0,0,0,0,0,0,0,0,0,1.6623504e-08,-2.7896649e-10,-1.1356037e-10,-9.6317433e-11,-9.6394302e-11,-6.7003292e-11,-6.8074393e-11,-1.3986506e-10,-8.5043278e-11,-7.3084011e-11,0,0,0,0,0,330985.16,20514.844,.94163626,0
Granta,Lada,Renault Group,2013,289000,1.6,82,7.4,160,520,sedan,Russia,166947,0,0,1,0,1,289000,0,7,.0166947,.1418948,-3.9396353,0,0,0,0,0,1,0,0,0,39.799999,14.099999,22.5,2497,798,1535,182.5,67.900002,99.799995,3703,1540,1843,11003,3655,6308,7,-4.7846932,.91860312,12,.0166947,289000,.0067142001,.0054366998,.0053344001,.0028897999,.0042039999,.0113991,.0031705999,.0034981,.0089787999,.0033451,.0051692999,.0166947,.0067960001,.0057640998,.0057687,.0040098,.0040739002,.0083702002,.0050893999,.0043736999,.0032895,.0030644001,.0039885002,.0032152999,.0072565,0,0,0,0,0,0,0,0,0,0,-2.7896649e-10,5.3065065e-08,-3.6675302e-10,-3.1106548e-10,-3.1131372e-10,-2.1639290e-10,-2.1985214e-10,-4.5170631e-10,-2.7465460e-10,-2.3603114e-10,0,0,0,0,0,330985.13,-41985.125,1.1452773,0
Kalina,Lada,Renault Group,2013,334500,1.6,87,7,145,355,universal,Russia,67960,0,0,0,1,1,334500,0,7,.0067960001,.1418948,-4.8383923,0,0,0,0,0,1,0,0,0,39.799999,14.099999,22.5,2497,793,1530,182.5,68.300003,100.2,3703,1555,1858,11003,3820,6473,7,-5.0359378,1.0739307,13,.0067960001,334500,.0067142001,.0054366998,.0053344001,.0028897999,.0042039999,.0113991,.0031705999,.0034981,.0089787999,.0033451,.0051692999,.0166947,.0067960001,.0057640998,.0057687,.0040098,.0040739002,.0083702002,.0050893999,.0043736999,.0032895,.0030644001,.0039885002,.0032152999,.0072565,0,0,0,0,0,0,0,0,0,0,-1.1356037e-10,-3.6675302e-10,2.1818934e-08,-1.2662707e-10,-1.2672813e-10,-8.8088210e-11,-8.9496376e-11,-1.8387848e-10,-1.1180511e-10,-9.6082441e-11,0,0,0,0,0,330985.13,3514.875,.98949218,0
Largus,Lada,Renault Group,2013,444000,1.6,84,8.199999999999999,145,560,universal,Russia,57641,0,0,0,1,1,444000,0,7,.0057640998,.1418948,-5.0030775,0,0,0,0,0,1,0,0,0,39.799999,14.099999,22.5,2497,796,1533,182.5,67.100006,99,3703,1555,1858,11003,3615,6268,7,-5.1611876,1.4269675,14,.0057640998,444000,.0067142001,.0054366998,.0053344001,.0028897999,.0042039999,.0113991,.0031705999,.0034981,.0089787999,.0033451,.0051692999,.0166947,.0067960001,.0057640998,.0057687,.0040098,.0040739002,.0083702002,.0050893999,.0043736999,.0032895,.0030644001,.0039885002,.0032152999,.0072565,0,0,0,0,0,0,0,0,0,0,-9.6317433e-11,-3.1106548e-10,-1.2662707e-10,1.8525188e-08,-1.0748581e-10,-7.4712951e-11,-7.5907301e-11,-1.5595848e-10,-9.4828687e-11,-8.1493347e-11,0,0,0,0,0,330985.13,113014.88,.745462,0
Priora,Lada,Renault Group,2013,449000,1.6,98,7.2,165,430,sedan,Russia,57687,0,0,1,0,1,449000,0,7,.0057687,.1418948,-5.0022798,0,0,0,0,0,1,0,0,0,39.799999,14.099999,22.5,2497,782,1519,182.5,68.100006,100,3703,1535,1838,11003,3745,6398,7,-4.9020867,1.4430304,15,.0057687,449000,.0067142001,.0054366998,.0053344001,.0028897999,.0042039999,.0113991,.0031705999,.0034981,.0089787999,.0033451,.0051692999,.0166947,.0067960001,.0057640998,.0057687,.0040098,.0040739002,.0083702002,.0050893999,.0043736999,.0032895,.0030644001,.0039885002,.0032152999,.0072565,0,0,0,0,0,0,0,0,0,0,-9.6394302e-11,-3.1131372e-10,-1.2672813e-10,-1.0748581e-10,1.8539886e-08,-7.4772577e-11,-7.5967885e-11,-1.5608295e-10,-9.4904369e-11,-8.1558385e-11,0,0,0,0,0,330985.16,118014.84,.73716068,0
Samara,Lada,Renault Group,2013,285000,1.6,80,7.6,165,330,sedan,Russia,40098,0,0,1,0,1,285000,0,7,.0040098,.1418948,-5.3659854,0,0,0,0,0,1,0,0,0,39.799999,14.099999,22.5,2497,800,1537,182.5,67.700005,99.599998,3703,1535,1838,11003,3845,6498,7,-5.1160679,.91757506,16,.0040098,285000,.0067142001,.0054366998,.0053344001,.0028897999,.0042039999,.0113991,.0031705999,.0034981,.0089787999,.0033451,.0051692999,.0166947,.0067960001,.0057640998,.0057687,.0040098,.0040739002,.0083702002,.0050893999,.0043736999,.0032895,.0030644001,.0039885002,.0032152999,.0072565,0,0,0,0,0,0,0,0,0,0,-6.7003292e-11,-2.1639290e-10,-8.8088210e-11,-7.4712951e-11,-7.4772577e-11,1.2909799e-08,-5.2804969e-11,-1.0849263e-10,-6.5967641e-11,-5.6690902e-11,0,0,0,0,0,330985.16,-45985.156,1.1613514,0
Qashqai,Nissan,Renault Group,2013,849000,1.6,114,6.6,200,410,SUV,GB,40739,1,0,0,0,0,849000,.25,7,.0040739002,.1418948,-5.3501258,0,0,0,0,0,1,0,0,0,39.799999,14.099999,22.5,2497,766,1503,182.5,68.700005,100.6,3703,1500,1803,11003,3765,6418,10,-5.8749795,2.733232,17,.00325912,679200,.0067142001,.0054366998,.0053344001,.0028897999,.0042039999,.0113991,.0031705999,.0034981,.0089787999,.0033451,.0051692999,.0166947,.0067960001,.0057640998,.0057687,.0040098,.0040739002,.0083702002,.0050893999,.0043736999,.0032895,.0030644001,.0039885002,.0032152999,.0072565,0,0,0,0,0,0,0,0,0,0,-6.8074393e-11,-2.1985214e-10,-8.9496376e-11,-7.5907301e-11,-7.5967885e-11,-5.2804969e-11,1.3115328e-08,-1.1022698e-10,-6.7022193e-11,-5.7597156e-11,0,0,0,0,0,269113.97,410086.03,.31697759,.30000001
Duster,Renault,Renault Group,2013,584000,1.6,102,7.6,205,475,SUV,Russia,83702,1,0,0,0,1,584000,0,7,.0083702002,.1418948,-4.6300488,0,0,0,0,0,1,0,0,0,39.799999,14.099999,22.5,2497,778,1515,182.5,67.700005,99.599998,3703,1495,1798,11003,3700,6353,12,-5.0888271,1.8719925,18,.0083702002,584000,.0067142001,.0054366998,.0053344001,.0028897999,.0042039999,.0113991,.0031705999,.0034981,.0089787999,.0033451,.0051692999,.0166947,.0067960001,.0057640998,.0057687,.0040098,.0040739002,.0083702002,.0050893999,.0043736999,.0032895,.0030644001,.0039885002,.0032152999,.0072565,0,0,0,0,0,0,0,0,0,0,-1.3986506e-10,-4.5170631e-10,-1.8387848e-10,-1.5595848e-10,-1.5608295e-10,-1.0849263e-10,-1.1022698e-10,2.6830397e-08,-1.3770322e-10,-1.1833862e-10,0,0,0,0,0,330985.13,253014.88,.56675535,0
Logan,Renault,Renault Group,2013,409000,1.4,75,6.9,155,510,sedan,Russia,50894,0,0,1,0,1,409000,0,7,.0050893999,.1418948,-5.1275668,0,0,0,0,0,1,0,0,0,39.799999,14.3,22.699999,2497,805,1542,182.5,68.400002,100.3,3703,1545,1848,11003,3665,6318,12,-5.2308159,1.3153734,19,.0050893999,409000,.0067142001,.0054366998,.0053344001,.0028897999,.0042039999,.0113991,.0031705999,.0034981,.0089787999,.0033451,.0051692999,.0166947,.0067960001,.0057640998,.0057687,.0040098,.0040739002,.0083702002,.0050893999,.0043736999,.0032895,.0030644001,.0039885002,.0032152999,.0072565,0,0,0,0,0,0,0,0,0,0,-8.5043278e-11,-2.7465460e-10,-1.1180511e-10,-9.4828687e-11,-9.4904369e-11,-6.5967641e-11,-6.7022193e-11,-1.3770322e-10,1.6367876e-08,-7.1954380e-11,0,0,0,0,0,330985.13,78014.875,.80925459,0
Sandero,Renault,Renault Group,2013,380000,1.4,75,6.9,155,320,hatchback,Russia,43737,0,1,0,0,1,380000,0,7,.0043736999,.1418948,-5.2791176,0,0,0,0,0,1,0,0,0,39.799999,14.3,22.699999,2497,805,1542,182.5,68.400002,100.3,3703,1545,1848,11003,3855,6508,12,-5.4232526,1.2229865,20,.0043736999,380000,.0067142001,.0054366998,.0053344001,.0028897999,.0042039999,.0113991,.0031705999,.0034981,.0089787999,.0033451,.0051692999,.0166947,.0067960001,.0057640998,.0057687,.0040098,.0040739002,.0083702002,.0050893999,.0043736999,.0032895,.0030644001,.0039885002,.0032152999,.0072565,0,0,0,0,0,0,0,0,0,0,-7.3084011e-11,-2.3603114e-10,-9.6082441e-11,-8.1493347e-11,-8.1558385e-11,-5.6690902e-11,-5.7597156e-11,-1.1833862e-10,-7.1954380e-11,1.4076252e-08,0,0,0,0,0,330985.13,49014.875,.87101346,0
Camry,Toyota,Toyota Group,2013,969000,2,148,8.300000000000001,160,506,sedan,Russia,32895,0,0,1,0,1,969000,0,9,.0032895,.1418948,-5.5639911,0,0,0,0,0,0,1,0,0,39.799999,3.3000002,32.5,2497,247,1954,182.5,13.2,152.7,3703,247,3136,11003,956,9035,14,-4.6267867,3.1220114,21,.0032895,969000,.0067142001,.0054366998,.0053344001,.0028897999,.0042039999,.0113991,.0031705999,.0034981,.0089787999,.0033451,.0051692999,.0166947,.0067960001,.0057640998,.0057687,.0040098,.0040739002,.0083702002,.0050893999,.0043736999,.0032895,.0030644001,.0039885002,.0032152999,.0072565,0,0,0,0,0,0,0,0,0,0,0,0,0,0,0,0,0,0,0,0,1.0598407e-08,-3.2584949e-11,-4.2411262e-11,0,0,312147.81,656852.19,.32213396,0
Corolla,Toyota,Toyota Group,2013,642000,1.3,101,5.8,150,450,sedan,Japan,30644,0,0,1,0,0,642000,.25,9,.0030644001,.1418948,-5.6348748,0,0,0,0,0,0,1,0,0,39.799999,4,33.200001,2497,294,2001,182.5,15.7,155.2,3703,257,3146,11003,1012,9091,14,-4.7698293,2.0689206,22,.0024515199,513600,.0067142001,.0054366998,.0053344001,.0028897999,.0042039999,.0113991,.0031705999,.0034981,.0089787999,.0033451,.0051692999,.0166947,.0067960001,.0057640998,.0057687,.0040098,.0040739002,.0083702002,.0050893999,.0043736999,.0032895,.0030644001,.0039885002,.0032152999,.0072565,0,0,0,0,0,0,0,0,0,0,0,0,0,0,0,0,0,0,0,0,-3.2584949e-11,9.8753903e-09,-3.9509066e-11,0,0,250276.64,263323.38,.38983899,.30000001
Rav 4,Toyota,Toyota Group,2013,1052000,2,146,7.4,97,506,SUV,Japan,39885,1,0,0,0,0,1052000,.25,9,.0039885002,.1418948,-5.3713112,0,0,0,0,0,0,1,0,0,39.799999,3.3000002,32.5,2497,249,1956,182.5,14.1,153.60001,3703,310,3199,11003,956,9035,14,-5.2525163,3.3870513,23,.0031908001,841600,.0067142001,.0054366998,.0053344001,.0028897999,.0042039999,.0113991,.0031705999,.0034981,.0089787999,.0033451,.0051692999,.0166947,.0067960001,.0057640998,.0057687,.0040098,.0040739002,.0083702002,.0050893999,.0043736999,.0032895,.0030644001,.0039885002,.0032152999,.0072565,0,0,0,0,0,0,0,0,0,0,0,0,0,0,0,0,0,0,0,0,-4.2411262e-11,-3.9509066e-11,1.2841497e-08,0,0,250276.66,591323.38,.23790556,.30000001
Octavia a5,Skoda,Volkswagen AG,2013,574000,1.4,80,7,164,560,hatchback,?,32153,0,1,0,0,0,574000,.25,11,.0032152999,.1418948,-5.5868063,0,0,0,0,0,0,0,0,1,39.799999,1.1999999,35.799999,2497,60,2277,182.5,5.5,163,3703,2,3373,11003,280,9603,13,-5.5013995,1.8495026,24,.0025722398,459200,.0067142001,.0054366998,.0053344001,.0028897999,.0042039999,.0113991,.0031705999,.0034981,.0089787999,.0033451,.0051692999,.0166947,.0067960001,.0057640998,.0057687,.0040098,.0040739002,.0083702002,.0050893999,.0043736999,.0032895,.0030644001,.0039885002,.0032152999,.0072565,0,0,0,0,0,0,0,0,0,0,0,0,0,0,0,0,0,0,0,0,0,0,0,1.0360114e-08,-7.5420670e-11,250103.7,209096.3,.43572074,.30000001
Polo,Volkswagen,Volkswagen AG,2013,525000,1.2,60,5.5,2,280,hatchback,Germany,72565,0,1,0,0,0,525000,.25,11,.0072565,.1418948,-4.7728291,0,0,0,0,0,0,0,0,1,39.799999,1.3999999,36,2497,80,2297,182.5,7,164.5,3703,164,3535,11003,560,9883,16,-6.4222393,1.68476,25,.0058052,420000,.0067142001,.0054366998,.0053344001,.0028897999,.0042039999,.0113991,.0031705999,.0034981,.0089787999,.0033451,.0051692999,.0166947,.0067960001,.0057640998,.0057687,.0040098,.0040739002,.0083702002,.0050893999,.0043736999,.0032895,.0030644001,.0039885002,.0032152999,.0072565,0,0,0,0,0,0,0,0,0,0,0,0,0,0,0,0,0,0,0,0,0,0,0,-7.5420670e-11,2.3286592e-08,250103.7,169896.3,.47638801,.30000001
Focus,Ford,Ford Motor Company,2014,660000,1.6,105,5.9,150,277,hatchback,Russia,27860,0,1,0,0,1,612244.88,0,1,.002786,.1278999,-5.7462974,1,0,0,0,0,0,0,0,0,40.799999,2.3841858e-08,37.599998,2721,0,2511,180.7,9.5367433e-08,168.89999,4049,0,3749,11403,0,10849,4,-5.0150881,2.1275218,1,.002786,660000,.002786,.002964,.0043441001,.0114644,.0034814,.0029758001,.0093647996,.0030606,.0024953,.0028969001,.0042932001,.015281,.0065608998,.0065155998,.0047817999,.0046224999,.0031709999,.0076138,.0060434001,.0036849,.0034117,.0027703999,.0038918999,.0035292001,.0058952998,8.9807202e-09,0,0,0,0,0,0,0,0,0,0,0,0,0,0,0,0,0,0,0,0,0,0,0,0,310220.13,349779.88,.47003049,0
Cruze,Chevrolet,General Motors,2014,913000,1.6,109,7.3,140,450,sedan,Russia,29640,0,0,1,0,1,846938.75,0,2,.002964,.1278999,-5.6843643,0,1,0,0,0,0,0,0,0,40.799999,1.6999999,35.899998,2721,80,2423,180.7,10.8,155.3,4049,200,3569,11403,320,10183,1,-5.6113567,2.9425464,2,.002964,913000,.002786,.002964,.0043441001,.0114644,.0034814,.0029758001,.0093647996,.0030606,.0024953,.0028969001,.0042932001,.015281,.0065608998,.0065155998,.0047817999,.0046224999,.0031709999,.0076138,.0060434001,.0036849,.0034117,.0027703999,.0038918999,.0035292001,.0058952998,0,9.5528012e-09,-4.1621689e-11,0,0,0,0,0,0,0,0,0,0,0,0,0,0,0,0,0,0,0,0,0,0,311633.28,601366.75,.34132889,0
Niva,Chevrolet,General Motors,2014,519000,1.7,80,10.8,200,320,SUV,Russia,43441,1,0,0,0,1,481447.13,0,2,.0043441001,.1278999,-5.3020854,0,1,0,0,0,0,0,0,0,40.799999,1.5999999,35.799999,2721,109,2452,180.7,7.3000002,151.8,4049,140,3509,11403,450,10313,1,-5.4813461,1.6703917,3,.0043441001,519000,.002786,.002964,.0043441001,.0114644,.0034814,.0029758001,.0093647996,.0030606,.0024953,.0028969001,.0042932001,.015281,.0065608998,.0065155998,.0047817999,.0046224999,.0031709999,.0076138,.0060434001,.0036849,.0034117,.0027703999,.0038918999,.0035292001,.0058952998,0,-4.1621689e-11,1.3981404e-08,0,0,0,0,0,0,0,0,0,0,0,0,0,0,0,0,0,0,0,0,0,0,311633.28,207366.72,.6004495,0
Solaris,Hyundai,Hyundai Motor,2014,593900,1.4,107,5.9,160,470,sedan,Russia,114644,0,0,1,0,1,550927.63,0,4,.0114644,.1278999,-4.3316574,0,0,1,0,0,0,0,0,0,40.799999,6.7999997,31.199999,2721,506,2001,180.7,29.1,139.8,4049,552,3177,11403,2035,8428,5,-4.8314104,1.8977864,4,.0114644,593900,.002786,.002964,.0043441001,.0114644,.0034814,.0029758001,.0093647996,.0030606,.0024953,.0028969001,.0042932001,.015281,.0065608998,.0065155998,.0047817999,.0046224999,.0031709999,.0076138,.0060434001,.0036849,.0034117,.0027703999,.0038918999,.0035292001,.0058952998,0,0,0,3.6634084e-08,-1.2901701e-10,-1.1028001e-10,-3.4704958e-10,-1.1342260e-10,0,0,0,0,0,0,0,0,0,0,0,0,0,0,0,0,0,318430.38,275469.63,.53616834,0
ix35,Hyundai,Hyundai Motor,2014,1079900,2,149,8.6,75,591,SUV,Slovakia,34814,1,0,0,0,0,1001762.5,.25,4,.0034814,.1278999,-5.5234699,0,0,1,0,0,0,0,0,0,40.799999,6.1999998,30.599998,2721,464,1959,180.7,26.4,137.09999,4049,637,3262,11403,1914,8307,5,-5.6850414,3.4786491,5,.0027851199,863920,.002786,.002964,.0043441001,.0114644,.0034814,.0029758001,.0093647996,.0030606,.0024953,.0028969001,.0042932001,.015281,.0065608998,.0065155998,.0047817999,.0046224999,.0031709999,.0076138,.0060434001,.0036849,.0034117,.0027703999,.0038918999,.0035292001,.0058952998,0,0,0,-1.2901701e-10,1.1214528e-08,-3.3488781e-11,-1.0538871e-10,-3.4443098e-11,0,0,0,0,0,0,0,0,0,0,0,0,0,0,0,0,0,256559.2,607360.81,.23757681,.30000001
Cee'd,Kia,Hyundai Motor,2014,609900,1.4,100,6.1,150,380,hatchback,?,29758,0,1,0,0,0,565769.94,.25,4,.0029758001,.1278999,-5.6803913,0,0,1,0,0,0,0,0,0,40.799999,6.7999997,31.199999,2721,513,2008,180.7,28.9,139.59999,4049,562,3187,11403,2125,8518,6,-5.4690776,1.9656492,6,.00238064,487920,.002786,.002964,.0043441001,.0114644,.0034814,.0029758001,.0093647996,.0030606,.0024953,.0028969001,.0042932001,.015281,.0065608998,.0065155998,.0047817999,.0046224999,.0031709999,.0076138,.0060434001,.0036849,.0034117,.0027703999,.0038918999,.0035292001,.0058952998,0,0,0,-1.1028001e-10,-3.3488781e-11,9.5907184e-09,-9.0083226e-11,-2.9440964e-11,0,0,0,0,0,0,0,0,0,0,0,0,0,0,0,0,0,256559.19,231360.81,.42065778,.30000001
Rio,Kia,Hyundai Motor,2014,514900,1.4,107,5.9,160,500,sedan,Russia,93648,0,0,1,0,1,477643.78,0,4,.0093647996,.1278999,-4.533946,0,0,1,0,0,0,0,0,0,40.799999,6.7999997,31.199999,2721,506,2001,180.7,29.1,139.8,4049,552,3177,11403,2005,8398,6,-4.5308547,1.6488394,7,.0093647996,514900,.002786,.002964,.0043441001,.0114644,.0034814,.0029758001,.0093647996,.0030606,.0024953,.0028969001,.0042932001,.015281,.0065608998,.0065155998,.0047817999,.0046224999,.0031709999,.0076138,.0060434001,.0036849,.0034117,.0027703999,.0038918999,.0035292001,.0058952998,0,0,0,-3.4704958e-10,-1.0538871e-10,-9.0083226e-11,2.9988446e-08,-9.2650283e-11,0,0,0,0,0,0,0,0,0,0,0,0,0,0,0,0,0,318430.34,196469.66,.61843145,0
Sportage,Kia,Hyundai Motor,2014,874900,2,150,8.5,167,564,SUV,?,30606,1,0,0,0,0,811595.56,.25,4,.0030606,.1278999,-5.6522932,0,0,1,0,0,0,0,0,0,40.799999,6.1999998,30.599998,2721,463,1958,180.7,26.5,137.2,4049,545,3170,11403,1941,8334,6,-4.9351091,2.819479,8,.0024484801,699920,.002786,.002964,.0043441001,.0114644,.0034814,.0029758001,.0093647996,.0030606,.0024953,.0028969001,.0042932001,.015281,.0065608998,.0065155998,.0047817999,.0046224999,.0031709999,.0076138,.0060434001,.0036849,.0034117,.0027703999,.0038918999,.0035292001,.0058952998,0,0,0,-1.1342260e-10,-3.4443098e-11,-2.9440964e-11,-9.2650283e-11,9.8631814e-09,0,0,0,0,0,0,0,0,0,0,0,0,0,0,0,0,0,256559.2,443360.81,.29324403,.30000001
Cx-5,Mazda,Mazda Motor Corporation,2014,1046000,2,150,6.2,215,403,SUV,?,24953,1,0,0,0,0,970315.38,.25,5,.0024953,.1278999,-5.8564954,0,0,0,1,0,0,0,0,0,40.799999,0,36.799999,2721,0,2421,180.7,-1.9073487e-07,168.3,4049,0,3619,11403,0,10597,8,-5.4911299,3.3727825,9,.0019962401,836800,.002786,.002964,.0043441001,.0114644,.0034814,.0029758001,.0093647996,.0030606,.0024953,.0028969001,.0042932001,.015281,.0065608998,.0065155998,.0047817999,.0046224999,.0031709999,.0076138,.0060434001,.0036849,.0034117,.0027703999,.0038918999,.0035292001,.0058952998,0,0,0,0,0,0,0,0,8.0459888e-09,0,0,0,0,0,0,0,0,0,0,0,0,0,0,0,0,248103.77,588696.25,.2371929,.30000001
Outlander,Mitsubishi,Mitshubishi Group,2014,999000,2,146,7.5,215,591,SUV,?,28969,1,0,0,0,0,926716.13,.25,6,.0028969001,.1278999,-5.707263,0,0,0,0,1,0,0,0,0,40.799999,0,36.799999,2721,0,2429,180.7,0,165.7,4049,0,3619,11403,0,10221,9,-5.5594664,3.2199359,10,.0023175201,799200,.002786,.002964,.0043441001,.0114644,.0034814,.0029758001,.0093647996,.0030606,.0024953,.0028969001,.0042932001,.015281,.0065608998,.0065155998,.0047817999,.0046224999,.0031709999,.0076138,.0060434001,.0036849,.0034117,.0027703999,.0038918999,.0035292001,.0058952998,0,0,0,0,0,0,0,0,0,9.3371701e-09,0,0,0,0,0,0,0,0,0,0,0,0,0,0,0,248203.69,550996.31,.24845214,.30000001
4x4,Lada,Renault Group,2014,394500,1.7,83,9.9,205,265,SUV,Russia,42932,1,0,0,0,1,365955.47,0,7,.0042932001,.1278999,-5.3138719,0,0,0,0,0,1,0,0,0,40.799999,13.5,23.9,2721,827,1728,180.7,63.699997,97.199997,4049,1480,2159,11403,4100,6773,7,-5.4896865,1.2697557,11,.0042932001,394500,.002786,.002964,.0043441001,.0114644,.0034814,.0029758001,.0093647996,.0030606,.0024953,.0028969001,.0042932001,.015281,.0065608998,.0065155998,.0047817999,.0046224999,.0031709999,.0076138,.0060434001,.0036849,.0034117,.0027703999,.0038918999,.0035292001,.0058952998,0,0,0,0,0,0,0,0,0,0,1.3818290e-08,-2.1206774e-10,-9.1051312e-11,-9.0422649e-11,-6.6361194e-11,-6.4150456e-11,-4.4006725e-11,-1.0566333e-10,-8.3869522e-11,-5.1138562e-11,0,0,0,0,0,329794.25,64705.75,.83598036,0
Granta,Lada,Renault Group,2014,289000,1.6,82,7.4,160,520,sedan,Russia,152810,0,0,1,0,1,268089.06,0,7,.015281,.1278999,-4.0442939,0,0,0,0,0,1,0,0,0,40.799999,13.599999,24,2721,828,1729,180.7,66.199997,99.699997,4049,1525,2204,11403,3845,6518,7,-4.7846932,.91992378,12,.015281,289000,.002786,.002964,.0043441001,.0114644,.0034814,.0029758001,.0093647996,.0030606,.0024953,.0028969001,.0042932001,.015281,.0065608998,.0065155998,.0047817999,.0046224999,.0031709999,.0076138,.0060434001,.0036849,.0034117,.0027703999,.0038918999,.0035292001,.0058952998,0,0,0,0,0,0,0,0,0,0,-2.1206774e-10,4.8641368e-08,-3.2408345e-10,-3.2184583e-10,-2.3620270e-10,-2.2833389e-10,-1.5663532e-10,-3.7609271e-10,-2.9852096e-10,-1.8202002e-10,0,0,0,0,0,329794.25,-40794.25,1.1411566,0
Kalina,Lada,Renault Group,2014,355600,1.6,87,7,145,355,universal,Russia,65609,0,0,0,1,1,329870.13,0,7,.0065608998,.1278999,-4.8897762,0,0,0,0,0,1,0,0,0,40.799999,13.599999,24,2721,823,1724,180.7,66.599998,100.1,4049,1540,2219,11403,4010,6683,7,-5.1041441,1.1419437,13,.0065608998,355600,.002786,.002964,.0043441001,.0114644,.0034814,.0029758001,.0093647996,.0030606,.0024953,.0028969001,.0042932001,.015281,.0065608998,.0065155998,.0047817999,.0046224999,.0031709999,.0076138,.0060434001,.0036849,.0034117,.0027703999,.0038918999,.0035292001,.0058952998,0,0,0,0,0,0,0,0,0,0,-9.1051312e-11,-3.2408345e-10,2.1069118e-08,-1.3818455e-10,-1.0141367e-10,-9.8035191e-11,-6.7251399e-11,-1.6147547e-10,-1.2817002e-10,-7.8150326e-11,0,0,0,0,0,329794.22,25805.781,.92743033,0
Largus,Lada,Renault Group,2014,444000,1.6,84,8.199999999999999,145,560,universal,Russia,65156,0,0,0,1,1,411873.84,0,7,.0065155998,.1278999,-4.8967052,0,0,0,0,0,1,0,0,0,40.799999,13.599999,24,2721,826,1727,180.7,65.400002,98.900002,4049,1540,2219,11403,3805,6478,7,-5.1611876,1.425889,14,.0065155998,444000,.002786,.002964,.0043441001,.0114644,.0034814,.0029758001,.0093647996,.0030606,.0024953,.0028969001,.0042932001,.015281,.0065608998,.0065155998,.0047817999,.0046224999,.0031709999,.0076138,.0060434001,.0036849,.0034117,.0027703999,.0038918999,.0035292001,.0058952998,0,0,0,0,0,0,0,0,0,0,-9.0422649e-11,-3.2184583e-10,-1.3818455e-10,2.0924599e-08,-1.0071345e-10,-9.7358302e-11,-6.6787062e-11,-1.6036056e-10,-1.2728506e-10,-7.7610737e-11,0,0,0,0,0,329794.25,114205.75,.74277985,0
Priora,Lada,Renault Group,2014,449000,1.6,98,6.9,165,430,sedan,Russia,47818,0,0,1,0,1,416512.06,0,7,.0047817999,.1278999,-5.2060871,0,0,0,0,0,1,0,0,0,40.799999,13.599999,24,2721,812,1713,180.7,66.699997,100.2,4049,1520,2199,11403,3935,6608,7,-4.9070773,1.4444627,15,.0047817999,449000,.002786,.002964,.0043441001,.0114644,.0034814,.0029758001,.0093647996,.0030606,.0024953,.0028969001,.0042932001,.015281,.0065608998,.0065155998,.0047817999,.0046224999,.0031709999,.0076138,.0060434001,.0036849,.0034117,.0027703999,.0038918999,.0035292001,.0058952998,0,0,0,0,0,0,0,0,0,0,-6.6361194e-11,-2.3620270e-10,-1.0141367e-10,-1.0071345e-10,1.5383366e-08,-7.1451275e-11,-4.9015035e-11,-1.1768864e-10,-9.3414526e-11,-5.6958532e-11,0,0,0,0,0,329794.25,119205.75,.73450834,0
Almera,Nissan,Renault Group,2014,626000,1.6,102,7.2,160,500,sedan,Russia,46225,0,0,1,0,1,580705,0,7,.0046224999,.1278999,-5.2399688,0,0,0,0,0,1,0,0,0,40.799999,13.599999,24,2721,808,1709,180.7,66.400002,99.900002,4049,1525,2204,11403,3865,6538,10,-5.2406735,2.0142057,16,.0046224999,626000,.002786,.002964,.0043441001,.0114644,.0034814,.0029758001,.0093647996,.0030606,.0024953,.0028969001,.0042932001,.015281,.0065608998,.0065155998,.0047817999,.0046224999,.0031709999,.0076138,.0060434001,.0036849,.0034117,.0027703999,.0038918999,.0035292001,.0058952998,0,0,0,0,0,0,0,0,0,0,-6.4150456e-11,-2.2833389e-10,-9.8035191e-11,-9.7358302e-11,-7.1451275e-11,1.4873269e-08,-4.7382157e-11,-1.1376798e-10,-9.0302536e-11,-5.5061025e-11,0,0,0,0,0,329794.25,296205.75,.52682787,0
Qashqai,Nissan,Renault Group,2014,989000,1.2,115,6.2,190,430,SUV,GB,31710,1,0,0,0,0,917439.69,.25,7,.0031709999,.1278999,-5.6168571,0,0,0,0,0,1,0,0,0,40.799999,14,24.4,2721,795,1696,180.7,67.400002,100.9,4049,1495,2174,11403,3935,6608,10,-5.8736191,3.1868281,17,.0025368,791200,.002786,.002964,.0043441001,.0114644,.0034814,.0029758001,.0093647996,.0030606,.0024953,.0028969001,.0042932001,.015281,.0065608998,.0065155998,.0047817999,.0046224999,.0031709999,.0076138,.0060434001,.0036849,.0034117,.0027703999,.0038918999,.0035292001,.0058952998,0,0,0,0,0,0,0,0,0,0,-4.4006725e-11,-1.5663532e-10,-6.7251399e-11,-6.6787062e-11,-4.9015035e-11,-4.7382157e-11,1.0217827e-08,-7.8043974e-11,-6.1946857e-11,-3.7771446e-11,0,0,0,0,0,267923.09,523276.91,.27090302,.30000001
Duster,Renault,Renault Group,2014,584000,1.6,102,7.6,205,475,SUV,Russia,76138,1,0,0,0,1,541744,0,7,.0076138,.1278999,-4.740942,0,0,0,0,0,1,0,0,0,40.799999,13.599999,24,2721,808,1709,180.7,66,99.5,4049,1480,2159,11403,3890,6563,12,-5.0888271,1.8734204,18,.0076138,584000,.002786,.002964,.0043441001,.0114644,.0034814,.0029758001,.0093647996,.0030606,.0024953,.0028969001,.0042932001,.015281,.0065608998,.0065155998,.0047817999,.0046224999,.0031709999,.0076138,.0060434001,.0036849,.0034117,.0027703999,.0038918999,.0035292001,.0058952998,0,0,0,0,0,0,0,0,0,0,-1.0566333e-10,-3.7609271e-10,-1.6147547e-10,-1.6036056e-10,-1.1768864e-10,-1.1376798e-10,-7.8043974e-11,2.4424399e-08,-1.4873888e-10,-9.0691975e-11,0,0,0,0,0,329794.22,254205.78,.5647161,0
Logan,Renault,Renault Group,2014,534000,1.6,82,7.2,155,510,sedan,Russia,60434,0,0,1,0,1,495361.78,0,7,.0060434001,.1278999,-4.9719377,0,0,0,0,0,1,0,0,0,40.799999,13.599999,24,2721,828,1729,180.7,66.400002,99.900002,4049,1530,2209,11403,3855,6528,12,-5.6002817,1.7157356,19,.0060434001,534000,.002786,.002964,.0043441001,.0114644,.0034814,.0029758001,.0093647996,.0030606,.0024953,.0028969001,.0042932001,.015281,.0065608998,.0065155998,.0047817999,.0046224999,.0031709999,.0076138,.0060434001,.0036849,.0034117,.0027703999,.0038918999,.0035292001,.0058952998,0,0,0,0,0,0,0,0,0,0,-8.3869522e-11,-2.9852096e-10,-1.2817002e-10,-1.2728506e-10,-9.3414526e-11,-9.0302536e-11,-6.1946857e-11,-1.4873888e-10,1.9417373e-08,-7.1986118e-11,0,0,0,0,0,329794.25,204205.75,.61759222,0
Sandero,Renault,Renault Group,2014,419000,1.1,75,6,155,320,hatchback,Russia,36849,0,1,0,0,1,388682.75,0,7,.0036849,.1278999,-5.466661,0,0,0,0,0,1,0,0,0,40.799999,14.099999,24.5,2721,835,1736,180.7,67.599998,101.1,4049,1530,2209,11403,4045,6718,12,-5.2586203,1.3494364,20,.0036849,419000,.002786,.002964,.0043441001,.0114644,.0034814,.0029758001,.0093647996,.0030606,.0024953,.0028969001,.0042932001,.015281,.0065608998,.0065155998,.0047817999,.0046224999,.0031709999,.0076138,.0060434001,.0036849,.0034117,.0027703999,.0038918999,.0035292001,.0058952998,0,0,0,0,0,0,0,0,0,0,-5.1138562e-11,-1.8202002e-10,-7.8150326e-11,-7.7610737e-11,-5.6958532e-11,-5.5061025e-11,-3.7771446e-11,-9.0691975e-11,-7.1986118e-11,1.1867633e-08,0,0,0,0,0,329794.25,89205.75,.78709847,0
Camry,Toyota,Toyota Group,2014,969000,2,148,8.300000000000001,160,506,sedan,Russia,34117,0,0,1,0,1,898886.81,0,9,.0034117,.1278999,-5.5436935,0,0,0,0,0,0,1,0,0,40.799999,3.3000002,33.5,2721,245,2180,180.7,13.3,150.8,4049,347,3382,11403,958,9433,14,-4.6267867,3.1216288,21,.0034117,969000,.002786,.002964,.0043441001,.0114644,.0034814,.0029758001,.0093647996,.0030606,.0024953,.0028969001,.0042932001,.015281,.0065608998,.0065155998,.0047817999,.0046224999,.0031709999,.0076138,.0060434001,.0036849,.0034117,.0027703999,.0038918999,.0035292001,.0058952998,0,0,0,0,0,0,0,0,0,0,0,0,0,0,0,0,0,0,0,0,1.0990775e-08,-3.0553081e-11,-4.2921430e-11,0,0,312087.63,656912.38,.32207185,0
Corolla,Toyota,Toyota Group,2014,891000,1.3,99,5.6,150,452,sedan,Turkey,27704,0,0,1,0,0,826530.63,.25,9,.0027703999,.1278999,-5.7519126,0,0,0,0,0,0,1,0,0,40.799999,4,34.200001,2721,294,2229,180.7,16,153.5,4049,357,3392,11403,1012,9487,14,-5.6417255,2.8721991,22,.00221632,712800,.002786,.002964,.0043441001,.0114644,.0034814,.0029758001,.0093647996,.0030606,.0024953,.0028969001,.0042932001,.015281,.0065608998,.0065155998,.0047817999,.0046224999,.0031709999,.0076138,.0060434001,.0036849,.0034117,.0027703999,.0038918999,.0035292001,.0058952998,0,0,0,0,0,0,0,0,0,0,0,0,0,0,0,0,0,0,0,0,-3.0553081e-11,8.9305727e-09,-3.4853453e-11,0,0,250216.45,462583.56,.28082654,.30000001
Rav 4,Toyota,Toyota Group,2014,1288000,2,146,7.7,197,506,SUV,Japan,38919,1,0,0,0,0,1194805.3,.25,9,.0038918999,.1278999,-5.4120069,0,0,0,0,0,0,1,0,0,40.799999,3.3000002,33.5,2721,247,2182,180.7,13.900001,151.39999,4049,310,3345,11403,958,9433,14,-5.9057765,4.1472864,23,.0031135199,1030400,.002786,.002964,.0043441001,.0114644,.0034814,.0029758001,.0093647996,.0030606,.0024953,.0028969001,.0042932001,.015281,.0065608998,.0065155998,.0047817999,.0046224999,.0031709999,.0076138,.0060434001,.0036849,.0034117,.0027703999,.0038918999,.0035292001,.0058952998,0,0,0,0,0,0,0,0,0,0,0,0,0,0,0,0,0,0,0,0,-4.2921430e-11,-3.4853453e-11,1.2531695e-08,0,0,250216.44,780183.56,.19426742,.30000001
Octavia a7,Skoda,Volkswagen AG,2014,816000,1.6,110,6.4,155,568,hatchback,Russia,35292,0,1,0,0,1,756957.31,0,11,.0035292001,.1278999,-5.5098329,0,0,0,0,0,0,0,0,1,40.799999,1.6,36,2721,105,2396,180.7,6.4000001,161.5,4049,70,3669,11403,460,9807,13,-5.2846918,2.6284301,24,.0035292001,816000,.002786,.002964,.0043441001,.0114644,.0034814,.0029758001,.0093647996,.0030606,.0024953,.0028969001,.0042932001,.015281,.0065608998,.0065155998,.0047817999,.0046224999,.0031709999,.0076138,.0060434001,.0036849,.0034117,.0027703999,.0038918999,.0035292001,.0058952998,0,0,0,0,0,0,0,0,0,0,0,0,0,0,0,0,0,0,0,0,0,0,0,1.1367960e-08,-6.7254889e-11,312299.09,503700.91,.38271949,0
Polo,Volkswagen,Volkswagen AG,2014,610500,1.6,105,6.4,70,460,sedan,Russia,58953,0,0,1,0,1,566326.5,0,11,.0058952998,.1278999,-4.9967489,0,0,0,0,0,0,0,0,1,40.799999,1.6,36,2721,110,2401,180.7,6.4000001,161.5,4049,155,3754,11403,568,9915,16,-5.0387173,1.9618214,25,.0058952998,610500,.002786,.002964,.0043441001,.0114644,.0034814,.0029758001,.0093647996,.0030606,.0024953,.0028969001,.0042932001,.015281,.0065608998,.0065155998,.0047817999,.0046224999,.0031709999,.0076138,.0060434001,.0036849,.0034117,.0027703999,.0038918999,.0035292001,.0058952998,0,0,0,0,0,0,0,0,0,0,0,0,0,0,0,0,0,0,0,0,0,0,0,-6.7254889e-11,1.8944350e-08,312299.09,298200.91,.51154643,0
Niva,Chevrolet,General Motors,2015,519000,1.7,80,10.8,200,320,SUV,Russia,31367,1,0,0,0,1,416656.97,0,2,.0031367,.095033899,-5.6647263,0,1,0,0,0,0,0,0,0,43,4.7683717e-08,39.599998,2756,0,2596,187,1.9073487e-07,165.39999,4183,0,3783,12551,0,11911,1,-5.4813461,1.6724173,1,.0031367,519000,.0031367,.0115868,.0019086,.0019268,.0097097,.0020751001,.0017681,.0016294,.0023643,.0035312001,.0120182,.0035869,.0038982001,.0028506999,.0025977001,.0020502,.0043922998,.0041311001,.0030221001,.0030135999,.0027101999,.0019950001,.0021373001,.0024546999,.0045389999,1.0107652e-08,0,0,0,0,0,0,0,0,0,0,0,0,0,0,0,0,0,0,0,0,0,0,0,0,310329.25,208670.75,.59793687,0
Solaris,Hyundai,Hyundai Motor,2015,593900,1.4,107,5.9,160,470,sedan,Russia,115868,0,0,1,0,1,476787.22,0,4,.0115868,.095033899,-4.3580308,0,0,1,0,0,0,0,0,0,43,6.7999997,33.400002,2756,506,2036,187,29.1,146.10001,4183,552,3311,12551,2035,9576,5,-4.8314104,1.8975514,2,.0115868,593900,.0031367,.0115868,.0019086,.0019268,.0097097,.0020751001,.0017681,.0016294,.0023643,.0035312001,.0120182,.0035869,.0038982001,.0028506999,.0025977001,.0020502,.0043922998,.0041311001,.0030221001,.0030135999,.0027101999,.0019950001,.0021373001,.0024546999,.0045389999,0,3.7020623e-08,-7.1485859e-11,-7.2167529e-11,-3.6367295e-10,-7.7722051e-11,0,0,0,0,0,0,0,0,0,0,0,0,0,0,0,0,0,0,0,317631.97,276268.03,.53482401,0
ix35,Hyundai,Hyundai Motor,2015,1079900,2,149,8.6,75,591,SUV,Slovakia,19086,1,0,0,0,0,866951.5,.25,4,.0019086,.095033899,-6.1615276,0,0,1,0,0,0,0,0,0,43,6.1999998,32.799999,2756,464,1994,187,26.4,143.39999,4183,637,3396,12551,1914,9455,5,-5.6850414,3.4841394,3,.00152688,863920,.0031367,.0115868,.0019086,.0019268,.0097097,.0020751001,.0017681,.0016294,.0023643,.0035312001,.0120182,.0035869,.0038982001,.0028506999,.0025977001,.0020502,.0043922998,.0041311001,.0030221001,.0030135999,.0027101999,.0019950001,.0021373001,.0024546999,.0045389999,0,-7.1485859e-11,6.1578187e-09,-1.1887574e-11,-5.9904907e-11,-1.2802526e-11,0,0,0,0,0,0,0,0,0,0,0,0,0,0,0,0,0,0,0,255760.8,608159.19,.23683748,.30000001
Cee'd,Kia,Hyundai Motor,2015,729900,1.4,100,6.1,150,380,hatchback,?,19268,0,1,0,0,0,585969.06,.25,4,.0019268,.095033899,-6.1520367,0,0,1,0,0,0,0,0,0,43,6.7999997,33.400002,2756,513,2043,187,28.9,145.89999,4183,562,3321,12551,2125,9666,6,-5.8569803,2.3548727,4,.00154144,583920,.0031367,.0115868,.0019086,.0019268,.0097097,.0020751001,.0017681,.0016294,.0023643,.0035312001,.0120182,.0035869,.0038982001,.0028506999,.0025977001,.0020502,.0043922998,.0041311001,.0030221001,.0030135999,.0027101999,.0019950001,.0021373001,.0024546999,.0045389999,0,-7.2167529e-11,-1.1887574e-11,6.2164252e-09,-6.0476152e-11,-1.2924608e-11,0,0,0,0,0,0,0,0,0,0,0,0,0,0,0,0,0,0,0,255760.8,328159.19,.35040525,.30000001
Rio,Kia,Hyundai Motor,2015,574900,1.4,107,5.9,160,500,sedan,Russia,97097,0,0,1,0,1,461533.88,0,4,.0097097,.095033899,-4.5347719,0,0,1,0,0,0,0,0,0,43,6.7999997,33.400002,2756,506,2036,187,29.1,146.10001,4183,552,3311,12551,2005,9546,6,-4.7248063,1.8403335,5,.0097097,574900,.0031367,.0115868,.0019086,.0019268,.0097097,.0020751001,.0017681,.0016294,.0023643,.0035312001,.0120182,.0035869,.0038982001,.0028506999,.0025977001,.0020502,.0043922998,.0041311001,.0030221001,.0030135999,.0027101999,.0019950001,.0021373001,.0024546999,.0045389999,0,-3.6367295e-10,-5.9904907e-11,-6.0476152e-11,3.1082077e-08,-6.5130817e-11,0,0,0,0,0,0,0,0,0,0,0,0,0,0,0,0,0,0,0,317631.94,257268.06,.55249947,0
Sportage,Kia,Hyundai Motor,2015,1154900,2,150,8.5,167,564,SUV,?,20751,1,0,0,0,0,927162.13,.25,4,.0020751001,.095033899,-6.077888,0,0,1,0,0,0,0,0,0,43,6.1999998,32.799999,2756,463,1993,187,26.5,143.5,4183,545,3304,12551,1941,9482,6,-5.8402157,3.7254944,6,.00166008,923920,.0031367,.0115868,.0019086,.0019268,.0097097,.0020751001,.0017681,.0016294,.0023643,.0035312001,.0120182,.0035869,.0038982001,.0028506999,.0025977001,.0020502,.0043922998,.0041311001,.0030221001,.0030135999,.0027101999,.0019950001,.0021373001,.0024546999,.0045389999,0,-7.7722051e-11,-1.2802526e-11,-1.2924608e-11,-6.5130817e-11,6.6938903e-09,0,0,0,0,0,0,0,0,0,0,0,0,0,0,0,0,0,0,0,255760.8,668159.19,.22145709,.30000001
Cx-5,Mazda,Mazda Motor Corporation,2015,1299000,2,150,6.2,215,403,SUV,?,17681,1,0,0,0,0,1042846.6,.25,5,.0017681,.095033899,-6.2379918,0,0,0,1,0,0,0,0,0,43,0,39,2756,0,2456,187,-1.9073487e-07,174.60001,4183,0,3753,12551,0,11745,8,-6.3089585,4.1916237,7,.0014144799,1039200,.0031367,.0115868,.0019086,.0019268,.0097097,.0020751001,.0017681,.0016294,.0023643,.0035312001,.0120182,.0035869,.0038982001,.0028506999,.0025977001,.0020502,.0043922998,.0041311001,.0030221001,.0030135999,.0027101999,.0019950001,.0021373001,.0024546999,.0045389999,0,0,0,0,0,0,5.7053193e-09,0,0,0,0,0,0,0,0,0,0,0,0,0,0,0,0,0,0,247923,791277,.19085681,.30000001
Outlander,Mitsubishi,Mitshubishi Group,2015,1279900,2,146,7.5,215,591,SUV,?,16294,1,0,0,0,0,1027513,.25,6,.0016294,.095033899,-6.3196855,0,0,0,0,1,0,0,0,0,43,0,39,2756,0,2464,187,0,172,4183,0,3753,12551,0,11369,9,-6.4674821,4.1305656,8,.0013035199,1023920,.0031367,.0115868,.0019086,.0019268,.0097097,.0020751001,.0017681,.0016294,.0023643,.0035312001,.0120182,.0035869,.0038982001,.0028506999,.0025977001,.0020502,.0043922998,.0041311001,.0030221001,.0030135999,.0027101999,.0019950001,.0021373001,.0024546999,.0045389999,0,0,0,0,0,0,0,5.2584914e-09,0,0,0,0,0,0,0,0,0,0,0,0,0,0,0,0,0,247888.58,776031.44,.19367808,.30000001
on-do,Datsun,Renault Group,2015,493000,1.6,87,7,174,530,sedan,Russia,23643,0,0,1,0,1,395783.97,0,7,.0023643,.095033899,-5.9474154,0,0,0,0,0,1,0,0,0,43,16,23.799999,2756,951,1631,187,75.5,97.5,4183,1705,2130,12551,4432,7059,3,-5.254365,1.5898663,9,.0023643,493000,.0031367,.0115868,.0019086,.0019268,.0097097,.0020751001,.0017681,.0016294,.0023643,.0035312001,.0120182,.0035869,.0038982001,.0028506999,.0025977001,.0020502,.0043922998,.0041311001,.0030221001,.0030135999,.0027101999,.0019950001,.0021373001,.0024546999,.0045389999,0,0,0,0,0,0,0,0,7.6245854e-09,-2.6987744e-11,-9.1850957e-11,-2.7413440e-11,-2.9792599e-11,-2.1786916e-11,-1.9853326e-11,-1.5668971e-11,-3.3568832e-11,-3.1572574e-11,-2.3096868e-11,0,0,0,0,0,0,323743.97,169256.03,.65668148,0
4x4,Lada,Renault Group,2015,435000,1.7,83,9.9,205,265,SUV,Russia,35312,1,0,0,0,1,349221.16,0,7,.0035312001,.095033899,-5.5462599,0,0,0,0,0,1,0,0,0,43,15.900001,23.699999,2756,955,1635,187,72.599998,94.599998,4183,1674,2099,12551,4697,7324,7,-5.620604,1.4011823,10,.0035312001,435000,.0031367,.0115868,.0019086,.0019268,.0097097,.0020751001,.0017681,.0016294,.0023643,.0035312001,.0120182,.0035869,.0038982001,.0028506999,.0025977001,.0020502,.0043922998,.0041311001,.0030221001,.0030135999,.0027101999,.0019950001,.0021373001,.0024546999,.0045389999,0,0,0,0,0,0,0,0,-2.6987744e-11,1.1374380e-08,-1.3718400e-10,-4.0943342e-11,-4.4496736e-11,-3.2539849e-11,-2.9651934e-11,-2.3402391e-11,-5.0136728e-11,-4.7155217e-11,-3.4496326e-11,0,0,0,0,0,0,323743.97,111256.03,.74423903,0
Granta,Lada,Renault Group,2015,331600,1.6,82,7.4,160,520,sedan,Russia,120182,0,0,1,0,1,266210.91,0,7,.0120182,.095033899,-4.3214755,0,0,0,0,0,1,0,0,0,43,16,23.799999,2756,956,1636,187,75.099998,97.099998,4183,1719,2144,12551,4442,7069,7,-4.9223986,1.0590224,11,.0120182,331600,.0031367,.0115868,.0019086,.0019268,.0097097,.0020751001,.0017681,.0016294,.0023643,.0035312001,.0120182,.0035869,.0038982001,.0028506999,.0025977001,.0020502,.0043922998,.0041311001,.0030221001,.0030135999,.0027101999,.0019950001,.0021373001,.0024546999,.0045389999,0,0,0,0,0,0,0,0,-9.1850957e-11,-1.3718400e-10,3.8382218e-08,-1.3934788e-10,-1.5144162e-10,-1.1074717e-10,-1.0091834e-10,-7.9648454e-11,-1.7063695e-10,-1.6048958e-10,-1.1740590e-10,0,0,0,0,0,0,323743.94,7856.0625,.97630864,0
Kalina,Lada,Renault Group,2015,447800,1.6,87,7,145,355,universal,Russia,35869,0,0,0,1,1,359497.09,0,7,.0035869,.095033899,-5.5306091,0,0,0,0,0,1,0,0,0,43,16,23.799999,2756,951,1631,187,75.5,97.5,4183,1734,2159,12551,4607,7234,7,-5.4021826,1.4423319,12,.0035869,447800,.0031367,.0115868,.0019086,.0019268,.0097097,.0020751001,.0017681,.0016294,.0023643,.0035312001,.0120182,.0035869,.0038982001,.0028506999,.0025977001,.0020502,.0043922998,.0041311001,.0030221001,.0030135999,.0027101999,.0019950001,.0021373001,.0024546999,.0045389999,0,0,0,0,0,0,0,0,-2.7413440e-11,-4.0943342e-11,-1.3934788e-10,1.1553149e-08,-4.5198609e-11,-3.3053119e-11,-3.0119653e-11,-2.3771532e-11,-5.0927568e-11,-4.7899025e-11,-3.5040460e-11,0,0,0,0,0,0,323743.97,124056.03,.72296554,0
Largus,Lada,Renault Group,2015,496000,1.6,84,8.199999999999999,145,560,universal,Russia,38982,0,0,0,1,1,398192.41,0,7,.0038982001,.095033899,-5.4473825,0,0,0,0,0,1,0,0,0,43,16,23.799999,2756,954,1634,187,74.300003,96.300003,4183,1734,2159,12551,4402,7029,7,-5.3292789,1.5970815,13,.0038982001,496000,.0031367,.0115868,.0019086,.0019268,.0097097,.0020751001,.0017681,.0016294,.0023643,.0035312001,.0120182,.0035869,.0038982001,.0028506999,.0025977001,.0020502,.0043922998,.0041311001,.0030221001,.0030135999,.0027101999,.0019950001,.0021373001,.0024546999,.0045389999,0,0,0,0,0,0,0,0,-2.9792599e-11,-4.4496736e-11,-1.5144162e-10,-4.5198609e-11,1.2551902e-08,-3.5921738e-11,-3.2733680e-11,-2.5834617e-11,-5.5347473e-11,-5.2056089e-11,-3.8081552e-11,0,0,0,0,0,0,323743.97,172256.03,.6527096,0
Priora,Lada,Renault Group,2015,446300,1.6,98,6.9,165,430,sedan,Russia,28507,0,0,1,0,1,358292.88,0,7,.0028506999,.095033899,-5.7603331,0,0,0,0,0,1,0,0,0,43,16,23.799999,2756,940,1620,187,75.599998,97.599998,4183,1714,2139,12551,4532,7159,7,-4.8983493,1.4385626,14,.0028506999,446300,.0031367,.0115868,.0019086,.0019268,.0097097,.0020751001,.0017681,.0016294,.0023643,.0035312001,.0120182,.0035869,.0038982001,.0028506999,.0025977001,.0020502,.0043922998,.0041311001,.0030221001,.0030135999,.0027101999,.0019950001,.0021373001,.0024546999,.0045389999,0,0,0,0,0,0,0,0,-2.1786916e-11,-3.2539849e-11,-1.1074717e-10,-3.3053119e-11,-3.5921738e-11,9.1886854e-09,-2.3937689e-11,-1.8892500e-11,-4.0474842e-11,-3.8067900e-11,-2.7848515e-11,0,0,0,0,0,0,323743.97,122556.03,.72539538,0
Almera,Nissan,Renault Group,2015,626000,1.6,102,7.2,160,500,sedan,Russia,25977,0,0,1,0,1,502557.34,0,7,.0025977001,.095033899,-5.853271,0,0,0,0,0,1,0,0,0,43,16,23.799999,2756,936,1616,187,75.300003,97.300003,4183,1719,2144,12551,4462,7089,10,-5.2406735,2.0183032,15,.0025977001,626000,.0031367,.0115868,.0019086,.0019268,.0097097,.0020751001,.0017681,.0016294,.0023643,.0035312001,.0120182,.0035869,.0038982001,.0028506999,.0025977001,.0020502,.0043922998,.0041311001,.0030221001,.0030135999,.0027101999,.0019950001,.0021373001,.0024546999,.0045389999,0,0,0,0,0,0,0,0,-1.9853326e-11,-2.9651934e-11,-1.0091834e-10,-3.0119653e-11,-3.2733680e-11,-2.3937689e-11,8.3753129e-09,-1.7215790e-11,-3.6882698e-11,-3.4689369e-11,-2.5376957e-11,0,0,0,0,0,0,323743.97,302256.03,.51716292,0
X-trail,Nissan,Renault Group,2015,1409000,2,144,8.300000000000001,210,497,SUV,Russia,20502,1,0,0,0,1,1131155.4,0,7,.0020502,.095033899,-6.0899601,0,0,0,0,0,1,0,0,0,43,15.6,23.4,2756,894,1574,187,74.199997,96.199997,4183,1669,2094,12551,4465,7092,10,-6.7128644,4.5452876,16,.0020502,1409000,.0031367,.0115868,.0019086,.0019268,.0097097,.0020751001,.0017681,.0016294,.0023643,.0035312001,.0120182,.0035869,.0038982001,.0028506999,.0025977001,.0020502,.0043922998,.0041311001,.0030221001,.0030135999,.0027101999,.0019950001,.0021373001,.0024546999,.0045389999,0,0,0,0,0,0,0,0,-1.5668971e-11,-2.3402391e-11,-7.9648454e-11,-2.3771532e-11,-2.5834617e-11,-1.8892500e-11,-1.7215790e-11,6.6137322e-09,-2.9109173e-11,-2.7378121e-11,-2.0028423e-11,0,0,0,0,0,0,323743.97,1085256,.2297686,0
Duster,Renault,Renault Group,2015,689000,1.6,114,7.4,205,475,SUV,Russia,43923,1,0,0,0,1,553134.19,0,7,.0043922998,.095033899,-5.3280444,0,0,0,0,0,1,0,0,0,43,16,23.799999,2756,924,1604,187,75.099998,97.099998,4183,1674,2099,12551,4487,7114,12,-5.0314708,2.2174261,17,.0043922998,689000,.0031367,.0115868,.0019086,.0019268,.0097097,.0020751001,.0017681,.0016294,.0023643,.0035312001,.0120182,.0035869,.0038982001,.0028506999,.0025977001,.0020502,.0043922998,.0041311001,.0030221001,.0030135999,.0027101999,.0019950001,.0021373001,.0024546999,.0045389999,0,0,0,0,0,0,0,0,-3.3568832e-11,-5.0136728e-11,-1.7063695e-10,-5.0927568e-11,-5.5347473e-11,-4.0474842e-11,-3.6882698e-11,-2.9109173e-11,1.4135849e-08,-5.8654234e-11,-4.2908416e-11,0,0,0,0,0,0,323743.97,365256.03,.46987513,0
Logan,Renault,Renault Group,2015,534000,1.6,82,7.2,155,510,sedan,Russia,41311,0,0,1,0,1,428699.06,0,7,.0041311001,.095033899,-5.3893538,0,0,0,0,0,1,0,0,0,43,16,23.799999,2756,956,1636,187,75.300003,97.300003,4183,1724,2149,12551,4452,7079,12,-5.6002817,1.7190366,18,.0041311001,534000,.0031367,.0115868,.0019086,.0019268,.0097097,.0020751001,.0017681,.0016294,.0023643,.0035312001,.0120182,.0035869,.0038982001,.0028506999,.0025977001,.0020502,.0043922998,.0041311001,.0030221001,.0030135999,.0027101999,.0019950001,.0021373001,.0024546999,.0045389999,0,0,0,0,0,0,0,0,-3.1572574e-11,-4.7155217e-11,-1.6048958e-10,-4.7899025e-11,-5.2056089e-11,-3.8067900e-11,-3.4689369e-11,-2.7378121e-11,-5.8654234e-11,1.3298711e-08,-4.0356756e-11,0,0,0,0,0,0,323743.97,210256.03,.60626209,0
Sandero,Renault,Renault Group,2015,419000,1.1,75,6,155,320,hatchback,Russia,30221,0,1,0,0,1,336376.25,0,7,.0030221001,.095033899,-5.7019453,0,0,0,0,0,1,0,0,0,43,16.5,24.299999,2756,963,1643,187,76.5,98.5,4183,1724,2149,12551,4642,7269,12,-5.2586203,1.3503342,19,.0030221001,419000,.0031367,.0115868,.0019086,.0019268,.0097097,.0020751001,.0017681,.0016294,.0023643,.0035312001,.0120182,.0035869,.0038982001,.0028506999,.0025977001,.0020502,.0043922998,.0041311001,.0030221001,.0030135999,.0027101999,.0019950001,.0021373001,.0024546999,.0045389999,0,0,0,0,0,0,0,0,-2.3096868e-11,-3.4496326e-11,-1.1740590e-10,-3.5040460e-11,-3.8081552e-11,-2.7848515e-11,-2.5376957e-11,-2.0028423e-11,-4.2908416e-11,-4.0356756e-11,9.7394866e-09,0,0,0,0,0,0,323743.97,95256.031,.77265865,0
Camry,Toyota,Toyota Group,2015,1407000,2,150,7.2,160,506,sedan,Russia,30136,0,0,1,0,1,1129549.9,0,9,.0030135999,.095033899,-5.704762,0,0,0,0,0,0,1,0,0,43,2,37,2756,146,2310,187,7.6999998,164.89999,4183,197,3666,12551,506,11033,14,-5.9942479,4.5344543,20,.0030135999,1407000,.0031367,.0115868,.0019086,.0019268,.0097097,.0020751001,.0017681,.0016294,.0023643,.0035312001,.0120182,.0035869,.0038982001,.0028506999,.0025977001,.0020502,.0043922998,.0041311001,.0030221001,.0030135999,.0027101999,.0019950001,.0021373001,.0024546999,.0045389999,0,0,0,0,0,0,0,0,0,0,0,0,0,0,0,0,0,0,0,9.7121751e-09,-2.6401501e-11,0,0,0,0,310968.09,1096031.9,.22101499,0
Rav 4,Toyota,Toyota Group,2015,1288000,2,146,7.7,197,506,SUV,Japan,27102,1,0,0,0,0,1034015.8,.25,9,.0027101999,.095033899,-5.8108749,0,0,0,0,0,0,1,0,0,43,2,37,2756,150,2314,187,7.1999998,164.39999,4183,160,3629,12551,506,11033,14,-5.9057765,4.1522064,21,.0021681599,1030400,.0031367,.0115868,.0019086,.0019268,.0097097,.0020751001,.0017681,.0016294,.0023643,.0035312001,.0120182,.0035869,.0038982001,.0028506999,.0025977001,.0020502,.0043922998,.0041311001,.0030221001,.0030135999,.0027101999,.0019950001,.0021373001,.0024546999,.0045389999,0,0,0,0,0,0,0,0,0,0,0,0,0,0,0,0,0,0,0,-2.6401501e-11,8.7370413e-09,0,0,0,0,249096.91,781303.13,.19339822,.30000001
Patriot,Uaz,UAZ,2015,699000,2.7,128,11.5,210,1200,SUV,Russia,19950,1,0,0,0,1,561162.25,0,10,.0019950001,.095033899,-6.1172533,0,0,0,0,0,0,0,1,0,43,4.7683717e-08,37.599998,2756,0,2500,187,0,164,4183,0,3763,12551,0,10151,15,-6.1372428,2.2550261,22,.0019950001,699000,.0031367,.0115868,.0019086,.0019268,.0097097,.0020751001,.0017681,.0016294,.0023643,.0035312001,.0120182,.0035869,.0038982001,.0028506999,.0025977001,.0020502,.0043922998,.0041311001,.0030221001,.0030135999,.0027101999,.0019950001,.0021373001,.0024546999,.0045389999,0,0,0,0,0,0,0,0,0,0,0,0,0,0,0,0,0,0,0,0,0,6.4360188e-09,0,0,0,309974.25,389025.75,.44345385,0
Octavia a7,Skoda,Volkswagen AG,2015,887000,1.6,110,6.4,155,568,hatchback,Russia,21373,0,1,0,0,1,712090.06,0,11,.0021373001,.095033899,-6.0483541,0,0,0,0,0,0,0,0,1,43,3.2000003,36.599998,2756,195,2341,187,12.200001,162,4183,240,3633,12551,990,10425,13,-5.5142007,2.8611202,23,.0021373001,887000,.0031367,.0115868,.0019086,.0019268,.0097097,.0020751001,.0017681,.0016294,.0023643,.0035312001,.0120182,.0035869,.0038982001,.0028506999,.0025977001,.0020502,.0043922998,.0041311001,.0030221001,.0030135999,.0027101999,.0019950001,.0021373001,.0024546999,.0045389999,0,0,0,0,0,0,0,0,0,0,0,0,0,0,0,0,0,0,0,0,0,0,6.8941062e-09,-1.6959210e-11,-3.1359373e-11,312206.59,574793.38,.35198039,0
Rapid,Skoda,Volkswagen AG,2015,622000,1.6,90,5.8,170,530,hatchback,Russia,24547,0,1,0,0,1,499346.13,0,11,.0024546999,.095033899,-5.909893,0,0,0,0,0,0,0,0,1,43,3.2000003,36.599998,2756,215,2361,187,12.8,162.60001,4183,225,3618,12551,1028,10463,13,-5.3759375,2.0056942,24,.0024546999,622000,.0031367,.0115868,.0019086,.0019268,.0097097,.0020751001,.0017681,.0016294,.0023643,.0035312001,.0120182,.0035869,.0038982001,.0028506999,.0025977001,.0020502,.0043922998,.0041311001,.0030221001,.0030135999,.0027101999,.0019950001,.0021373001,.0024546999,.0045389999,0,0,0,0,0,0,0,0,0,0,0,0,0,0,0,0,0,0,0,0,0,0,-1.6959210e-11,7.9153972e-09,-3.6016398e-11,312206.59,309793.41,.50193983,0
Polo,Volkswagen,Volkswagen AG,2015,645000,1.6,105,6.4,70,460,sedan,Russia,45390,0,0,1,0,1,517810.69,0,11,.0045389999,.095033899,-5.2951908,0,0,0,0,0,0,0,0,1,43,3.2000003,36.599998,2756,200,2346,187,12.200001,162,4183,325,3718,12551,1098,10533,16,-5.1502395,2.0755138,25,.0045389999,645000,.0031367,.0115868,.0019086,.0019268,.0097097,.0020751001,.0017681,.0016294,.0023643,.0035312001,.0120182,.0035869,.0038982001,.0028506999,.0025977001,.0020502,.0043922998,.0041311001,.0030221001,.0030135999,.0027101999,.0019950001,.0021373001,.0024546999,.0045389999,0,0,0,0,0,0,0,0,0,0,0,0,0,0,0,0,0,0,0,0,0,0,-3.1359373e-11,-3.6016398e-11,1.4605825e-08,312206.59,332793.41,.48404124,0
Niva,Chevrolet,General Motors,2016,570000,1.7,80,10.8,200,320,SUV,Russia,29844,1,0,0,0,1,427384.06,0,2,.0029843999,.084985301,-5.7255416,0,1,0,0,0,0,0,0,0,42.299999,4.7683717e-08,38.899998,2711,0,2551,183.89999,1.9073487e-07,162.29999,4430,0,4030,12010,0,11370,1,-5.6462049,1.8370395,1,.0029843999,570000,.0029843999,.0021929001,.0090380004,.0015081,.0087662004,.0019003,.001579,.0027274,.0087726004,.0020981999,.0029341001,.0017553,.0055173999,.0019942999,.0018723001,.0017886,.0044001001,.0029565,.0028557,.0028063001,.0030602999,.0019381,.0021758999,.0025931001,.0047701998,9.6183514e-09,0,0,0,0,0,0,0,0,0,0,0,0,0,0,0,0,0,0,0,0,0,0,0,0,310281.84,259718.16,.54435414,0
Creta,Hyundai,Hyundai Motor,2016,789900,1.6,123,7,190,402,SUV,Russia,21929,1,0,0,0,1,592264.38,0,4,.0021929001,.084985301,-6.0337152,0,0,1,0,0,0,0,0,0,42.299999,6.2000003,32.899998,2711,464,2001,183.89999,26,143.89999,4430,652,3398,12010,1841,9365,5,-5.1880374,2.547771,2,.0021929001,789900,.0029843999,.0021929001,.0090380004,.0015081,.0087662004,.0019003,.001579,.0027274,.0087726004,.0020981999,.0029341001,.0017553,.0055173999,.0019942999,.0018723001,.0017886,.0044001001,.0029565,.0028557,.0028063001,.0030602999,.0019381,.0021758999,.0025931001,.0047701998,0,7.0730564e-09,-6.4066780e-11,-1.0690318e-11,-6.2140099e-11,-1.3470469e-11,0,0,0,0,0,0,0,0,0,0,0,0,0,0,0,0,0,0,0,316554.06,473345.94,.40075207,0
Solaris,Hyundai,Hyundai Motor,2016,593900,1.4,107,5.9,160,470,sedan,Russia,90380,0,0,1,0,1,445304.25,0,4,.0090380004,.084985301,-4.6175022,0,0,1,0,0,0,0,0,0,42.299999,6.4000001,33.099998,2711,480,2017,183.89999,27.1,145,4430,682,3428,12010,1773,9297,5,-4.8314104,1.9024446,3,.0090380004,593900,.0029843999,.0021929001,.0090380004,.0015081,.0087662004,.0019003,.001579,.0027274,.0087726004,.0020981999,.0029341001,.0017553,.0055173999,.0019942999,.0018723001,.0017886,.0044001001,.0029565,.0028557,.0028063001,.0030602999,.0019381,.0021758999,.0025931001,.0047701998,0,-6.4066780e-11,2.8951497e-08,-4.4059967e-11,-2.5610936e-10,-5.5518309e-11,0,0,0,0,0,0,0,0,0,0,0,0,0,0,0,0,0,0,0,316554.06,277345.94,.53300905,0
Cee'd,Kia,Hyundai Motor,2016,794900,1.4,100,6.2,150,380,hatchback,?,15081,0,1,0,0,0,596013.31,.25,4,.0015081,.084985301,-6.4080896,0,0,1,0,0,0,0,0,0,42.299999,6.4000001,33.099998,2711,487,2024,183.89999,26.799999,144.7,4430,692,3438,12010,1863,9387,6,-6.0654306,2.5656579,4,.00120648,635920,.0029843999,.0021929001,.0090380004,.0015081,.0087662004,.0019003,.001579,.0027274,.0087726004,.0020981999,.0029341001,.0017553,.0055173999,.0019942999,.0018723001,.0017886,.0044001001,.0029565,.0028557,.0028063001,.0030602999,.0019381,.0021758999,.0025931001,.0047701998,0,-1.0690318e-11,-4.4059967e-11,4.8676165e-09,-4.2734951e-11,-9.2639030e-12,0,0,0,0,0,0,0,0,0,0,0,0,0,0,0,0,0,0,0,254682.89,381237.13,.32039613,.30000001
Rio,Kia,Hyundai Motor,2016,639900,1.4,107,5.9,160,500,sedan,Russia,87662,0,0,1,0,1,479794.84,0,4,.0087662004,.084985301,-4.6480365,0,0,1,0,0,0,0,0,0,42.299999,6.4000001,33.099998,2711,480,2017,183.89999,27.1,145,4430,682,3428,12010,1743,9267,6,-4.9349203,2.050359,5,.0087662004,639900,.0029843999,.0021929001,.0090380004,.0015081,.0087662004,.0019003,.001579,.0027274,.0087726004,.0020981999,.0029341001,.0017553,.0055173999,.0019942999,.0018723001,.0017886,.0044001001,.0029565,.0028557,.0028063001,.0030602999,.0019381,.0021758999,.0025931001,.0047701998,0,-6.2140099e-11,-2.5610936e-10,-4.2734951e-11,2.8088541e-08,-5.3848703e-11,0,0,0,0,0,0,0,0,0,0,0,0,0,0,0,0,0,0,0,316554.06,323345.94,.49469301,0
Sportage,Kia,Hyundai Motor,2016,1219900,2,150,8,182,491,SUV,?,19003,1,0,0,0,0,914676.94,.25,4,.0019003,.084985301,-6.1769285,0,0,1,0,0,0,0,0,0,42.299999,5.8000002,32.5,2711,437,1974,183.89999,25,142.89999,4430,660,3406,12010,1752,9276,6,-6.1529074,3.9358618,6,.00152024,975920,.0029843999,.0021929001,.0090380004,.0015081,.0087662004,.0019003,.001579,.0027274,.0087726004,.0020981999,.0029341001,.0017553,.0055173999,.0019942999,.0018723001,.0017886,.0044001001,.0029565,.0028557,.0028063001,.0030602999,.0019381,.0021758999,.0025931001,.0047701998,0,-1.3470469e-11,-5.5518309e-11,-9.2639030e-12,-5.3848703e-11,6.1310912e-09,0,0,0,0,0,0,0,0,0,0,0,0,0,0,0,0,0,0,0,254682.89,721237.13,.20877358,.30000001
Cx-5,Mazda,Mazda Motor Corporation,2016,1299000,2,150,6.2,215,403,SUV,?,15790,1,0,0,0,0,973985.88,.25,5,.001579,.084985301,-6.3621483,0,0,0,1,0,0,0,0,0,42.299999,0,38.299999,2711,0,2411,183.89999,-1.9073487e-07,171.5,4430,0,4000,12010,0,11204,8,-6.3089585,4.1924176,7,.0012632001,1039200,.0029843999,.0021929001,.0090380004,.0015081,.0087662004,.0019003,.001579,.0027274,.0087726004,.0020981999,.0029341001,.0017553,.0055173999,.0019942999,.0018723001,.0017886,.0044001001,.0029565,.0028557,.0028063001,.0030602999,.0019381,.0021758999,.0025931001,.0047701998,0,0,0,0,0,0,5.0960951e-09,0,0,0,0,0,0,0,0,0,0,0,0,0,0,0,0,0,0,247876.08,791323.94,.19082069,.30000001
4x4,Lada,Renault Group,2016,465700,1.7,83,9.9,205,265,SUV,Russia,27274,1,0,0,0,1,349180.28,0,7,.0027274,.084985301,-5.8155913,0,0,0,0,0,1,0,0,0,42.299999,17.599998,21.299999,2711,1097,1448,183.89999,79.900002,84.199989,4430,1913,2107,12010,4938,6542,7,-5.7198424,1.5012804,8,.0027274,465700,.0029843999,.0021929001,.0090380004,.0015081,.0087662004,.0019003,.001579,.0027274,.0087726004,.0020981999,.0029341001,.0017553,.0055173999,.0019942999,.0018723001,.0017886,.0044001001,.0029565,.0028557,.0028063001,.0030602999,.0019381,.0021758999,.0025931001,.0047701998,0,0,0,0,0,0,0,8.7923384e-09,-7.7342618e-11,-1.8498538e-11,-2.5868155e-11,-1.5475400e-11,-4.8643520e-11,-1.7582515e-11,-1.6506917e-11,-1.5768985e-11,-3.8792976e-11,-2.6065641e-11,-2.5176949e-11,0,0,0,0,0,0,322135.78,143564.22,.69172382,0
Granta,Lada,Renault Group,2016,389000,1.6,87,7,160,520,sedan,Russia,87726,0,0,1,0,1,291670.88,0,7,.0087726004,.084985301,-4.6473069,0,0,0,0,0,1,0,0,0,42.299999,17.699999,21.4,2711,1093,1444,183.89999,82.800003,87.099991,4430,1958,2152,12010,4683,6287,7,-4.9478922,1.2464205,9,.0087726004,389000,.0029843999,.0021929001,.0090380004,.0015081,.0087662004,.0019003,.001579,.0027274,.0087726004,.0020981999,.0029341001,.0017553,.0055173999,.0019942999,.0018723001,.0017886,.0044001001,.0029565,.0028557,.0028063001,.0030602999,.0019381,.0021758999,.0025931001,.0047701998,0,0,0,0,0,0,0,-7.7342618e-11,2.8108866e-08,-5.9499988e-11,-8.3204145e-11,-4.9776159e-11,-1.5646041e-10,-5.6553633e-11,-5.3094005e-11,-5.0720469e-11,-1.2477644e-10,-8.3839352e-11,-8.0980903e-11,0,0,0,0,0,0,322135.78,66864.219,.82811254,0
Kalina,Lada,Renault Group,2016,454500,1.6,87,7,145,355,universal,Russia,20982,0,0,0,1,1,340782.59,0,7,.0020981999,.084985301,-6.0778604,0,0,0,0,0,1,0,0,0,42.299999,17.699999,21.4,2711,1093,1444,183.89999,82.800003,87.099991,4430,1973,2167,12010,4848,6452,7,-5.4238405,1.4660993,10,.0020981999,454500,.0029843999,.0021929001,.0090380004,.0015081,.0087662004,.0019003,.001579,.0027274,.0087726004,.0020981999,.0029341001,.0017553,.0055173999,.0019942999,.0018723001,.0017886,.0044001001,.0029565,.0028557,.0028063001,.0030602999,.0019381,.0021758999,.0025931001,.0047701998,0,0,0,0,0,0,0,-1.8498538e-11,-5.9499988e-11,6.7682495e-09,-1.9900477e-11,-1.1905288e-11,-3.7421656e-11,-1.3526300e-11,-1.2698839e-11,-1.2131144e-11,-2.9843593e-11,-2.0052404e-11,-1.9368729e-11,0,0,0,0,0,0,322135.75,132364.25,.7087695,0
Largus,Lada,Renault Group,2016,554900,1.6,87,8.199999999999999,145,560,universal,Russia,29341,0,0,0,1,1,416062.16,0,7,.0029341001,.084985301,-5.7425394,0,0,0,0,0,1,0,0,0,42.299999,17.699999,21.4,2711,1093,1444,183.89999,81.600006,85.899994,4430,1973,2167,12010,4643,6247,7,-5.4196496,1.7884643,11,.0029341001,554900,.0029843999,.0021929001,.0090380004,.0015081,.0087662004,.0019003,.001579,.0027274,.0087726004,.0020981999,.0029341001,.0017553,.0055173999,.0019942999,.0018723001,.0017886,.0044001001,.0029565,.0028557,.0028063001,.0030602999,.0019381,.0021758999,.0025931001,.0047701998,0,0,0,0,0,0,0,-2.5868155e-11,-8.3204145e-11,-1.9900477e-11,9.4567190e-09,-1.6648226e-11,-5.2330040e-11,-1.8915033e-11,-1.7757918e-11,-1.6964062e-11,-4.1732957e-11,-2.8041064e-11,-2.7085022e-11,0,0,0,0,0,0,322135.75,232764.25,.58052939,0
Priora,Lada,Renault Group,2016,424900,1.6,87,7.3,165,430,sedan,Russia,17553,0,0,1,0,1,318588.59,0,7,.0017553,.084985301,-6.2563004,0,0,0,0,0,1,0,0,0,42.299999,17.699999,21.4,2711,1093,1444,183.89999,82.5,86.799988,4430,1953,2147,12010,4773,6377,7,-5.1892762,1.3710883,12,.0017553,424900,.0029843999,.0021929001,.0090380004,.0015081,.0087662004,.0019003,.001579,.0027274,.0087726004,.0020981999,.0029341001,.0017553,.0055173999,.0019942999,.0018723001,.0017886,.0044001001,.0029565,.0028557,.0028063001,.0030602999,.0019381,.0021758999,.0025931001,.0047701998,0,0,0,0,0,0,0,-1.5475400e-11,-4.9776159e-11,-1.1905288e-11,-1.6648226e-11,5.6640888e-09,-3.1305993e-11,-1.1315754e-11,-1.0623521e-11,-1.0148602e-11,-2.4966381e-11,-1.6775324e-11,-1.6203379e-11,0,0,0,0,0,0,322135.75,102764.25,.75814486,0
Vesta,Lada,Renault Group,2016,569900,1.6,106,6.9,178,480,sedan,Russia,55174,0,0,1,0,1,427309.09,0,7,.0055173999,.084985301,-5.1110334,0,0,0,0,0,1,0,0,0,42.299999,17.699999,21.4,2711,1074,1425,183.89999,82.900002,87.199989,4430,1940,2134,12010,4723,6327,7,-4.942245,1.8320509,13,.0055173999,569900,.0029843999,.0021929001,.0090380004,.0015081,.0087662004,.0019003,.001579,.0027274,.0087726004,.0020981999,.0029341001,.0017553,.0055173999,.0019942999,.0018723001,.0017886,.0044001001,.0029565,.0028557,.0028063001,.0030602999,.0019381,.0021758999,.0025931001,.0047701998,0,0,0,0,0,0,0,-4.8643520e-11,-1.5646041e-10,-3.7421656e-11,-5.2330040e-11,-3.1305993e-11,1.7736721e-08,-3.5568586e-11,-3.3392705e-11,-3.1899903e-11,-7.8476330e-11,-5.2729546e-11,-5.0931766e-11,0,0,0,0,0,0,322135.78,247764.22,.56524968,0
Xray,Lada,Renault Group,2016,599900,1.6,106,7.2,195,361,hatchback,Russia,19943,0,1,0,0,1,449803.03,0,7,.0019942999,.084985301,-6.1286469,0,0,0,0,0,1,0,0,0,42.299999,17.699999,21.4,2711,1074,1425,183.89999,82.600006,86.899994,4430,1923,2117,12010,4842,6446,7,-5.195683,1.9353235,14,.0019942999,599900,.0029843999,.0021929001,.0090380004,.0015081,.0087662004,.0019003,.001579,.0027274,.0087726004,.0020981999,.0029341001,.0017553,.0055173999,.0019942999,.0018723001,.0017886,.0044001001,.0029565,.0028557,.0028063001,.0030602999,.0019381,.0021758999,.0025931001,.0047701998,0,0,0,0,0,0,0,-1.7582515e-11,-5.6553633e-11,-1.3526300e-11,-1.8915033e-11,-1.1315754e-11,-3.5568586e-11,6.4337646e-09,-1.2070009e-11,-1.1530427e-11,-2.8365778e-11,-1.9059436e-11,-1.8409616e-11,0,0,0,0,0,0,322135.78,277764.22,.53698248,0
Qashqai,Nissan,Renault Group,2016,1129000,1.2,115,6.2,200,430,SUV,Russia,18723,1,0,0,0,1,846520.44,0,7,.0018723001,.084985301,-6.1917725,0,0,0,0,0,1,0,0,0,42.299999,18.099998,21.799999,2711,1065,1416,183.89999,83.600006,87.899994,4430,1918,2112,12010,4773,6377,10,-6.1058488,3.6426859,15,.0018723001,1129000,.0029843999,.0021929001,.0090380004,.0015081,.0087662004,.0019003,.001579,.0027274,.0087726004,.0020981999,.0029341001,.0017553,.0055173999,.0019942999,.0018723001,.0017886,.0044001001,.0029565,.0028557,.0028063001,.0030602999,.0019381,.0021758999,.0025931001,.0047701998,0,0,0,0,0,0,0,-1.6506917e-11,-5.3094005e-11,-1.2698839e-11,-1.7757918e-11,-1.0623521e-11,-3.3392705e-11,-1.2070009e-11,6.0409220e-09,-1.0825061e-11,-2.6630522e-11,-1.7893489e-11,-1.7283421e-11,0,0,0,0,0,0,322135.78,806864.25,.28532842,0
X-trail,Nissan,Renault Group,2016,1409000,2,144,8.300000000000001,210,497,SUV,Russia,17886,1,0,0,0,1,1056463.5,0,7,.0017886,.084985301,-6.2375069,0,0,0,0,0,1,0,0,0,42.299999,17.299999,21,2711,1036,1387,183.89999,81.5,85.799988,4430,1908,2102,12010,4706,6310,10,-6.7128644,4.5464792,16,.0017886,1409000,.0029843999,.0021929001,.0090380004,.0015081,.0087662004,.0019003,.001579,.0027274,.0087726004,.0020981999,.0029341001,.0017553,.0055173999,.0019942999,.0018723001,.0017886,.0044001001,.0029565,.0028557,.0028063001,.0030602999,.0019381,.0021758999,.0025931001,.0047701998,0,0,0,0,0,0,0,-1.5768985e-11,-5.0720469e-11,-1.2131144e-11,-1.6964062e-11,-1.0148602e-11,-3.1899903e-11,-1.1530427e-11,-1.0825061e-11,5.7713505e-09,-2.5440022e-11,-1.7093571e-11,-1.6510775e-11,0,0,0,0,0,0,322135.75,1086864.3,.22862722,0
Duster,Renault,Renault Group,2016,689000,1.6,114,7.4,205,475,SUV,Russia,44001,1,0,0,0,1,516609.88,0,7,.0044001001,.084985301,-5.3373127,0,0,0,0,0,1,0,0,0,42.299999,17.699999,21.4,2711,1066,1417,183.89999,82.400002,86.699989,4430,1913,2107,12010,4728,6332,12,-5.0314708,2.2174087,17,.0044001001,689000,.0029843999,.0021929001,.0090380004,.0015081,.0087662004,.0019003,.001579,.0027274,.0087726004,.0020981999,.0029341001,.0017553,.0055173999,.0019942999,.0018723001,.0017886,.0044001001,.0029565,.0028557,.0028063001,.0030602999,.0019381,.0021758999,.0025931001,.0047701998,0,0,0,0,0,0,0,-3.8792976e-11,-1.2477644e-10,-2.9843593e-11,-4.1732957e-11,-2.4966381e-11,-7.8476330e-11,-2.8365778e-11,-2.6630522e-11,-2.5440022e-11,1.4160842e-08,-4.2051560e-11,-4.0617839e-11,0,0,0,0,0,0,322135.78,366864.22,.46754104,0
Logan,Renault,Renault Group,2016,534000,1.6,82,7.2,155,510,sedan,Russia,29565,0,0,1,0,1,400391.41,0,7,.0029565,.084985301,-5.7349339,0,0,0,0,0,1,0,0,0,42.299999,17.699999,21.4,2711,1098,1449,183.89999,82.600006,86.899994,4430,1963,2157,12010,4693,6297,12,-5.6002817,1.7210641,18,.0029565,534000,.0029843999,.0021929001,.0090380004,.0015081,.0087662004,.0019003,.001579,.0027274,.0087726004,.0020981999,.0029341001,.0017553,.0055173999,.0019942999,.0018723001,.0017886,.0044001001,.0029565,.0028557,.0028063001,.0030602999,.0019381,.0021758999,.0025931001,.0047701998,0,0,0,0,0,0,0,-2.6065641e-11,-8.3839352e-11,-2.0052404e-11,-2.8041064e-11,-1.6775324e-11,-5.2729546e-11,-1.9059436e-11,-1.7893489e-11,-1.7093571e-11,-4.2051560e-11,9.5287005e-09,-2.7291799e-11,0,0,0,0,0,0,322135.78,211864.22,.6032505,0
Sandero,Renault,Renault Group,2016,534000,1.6,82,7.2,155,320,hatchback,Russia,28557,0,1,0,0,1,400391.41,0,7,.0028557,.084985301,-5.7696233,0,0,0,0,0,1,0,0,0,42.299999,17.699999,21.4,2711,1098,1449,183.89999,82.600006,86.899994,4430,1963,2157,12010,4883,6487,12,-5.8864617,1.7212381,19,.0028557,534000,.0029843999,.0021929001,.0090380004,.0015081,.0087662004,.0019003,.001579,.0027274,.0087726004,.0020981999,.0029341001,.0017553,.0055173999,.0019942999,.0018723001,.0017886,.0044001001,.0029565,.0028557,.0028063001,.0030602999,.0019381,.0021758999,.0025931001,.0047701998,0,0,0,0,0,0,0,-2.5176949e-11,-8.0980903e-11,-1.9368729e-11,-2.7085022e-11,-1.6203379e-11,-5.0931766e-11,-1.8409616e-11,-1.7283421e-11,-1.6510775e-11,-4.0617839e-11,-2.7291799e-11,9.2047561e-09,0,0,0,0,0,0,322135.75,211864.25,.60325044,0
Camry,Toyota,Toyota Group,2016,1407000,2,150,7.2,160,506,sedan,Russia,28063,0,0,1,0,1,1054964,0,9,.0028063001,.084985301,-5.7870731,0,0,0,0,0,0,1,0,0,42.299999,2,36.299999,2711,146,2265,183.89999,7.4000006,162.09999,4430,197,3913,12010,577,10421,14,-5.9942479,4.5353971,20,.0028063001,1407000,.0029843999,.0021929001,.0090380004,.0015081,.0087662004,.0019003,.001579,.0027274,.0087726004,.0020981999,.0029341001,.0017553,.0055173999,.0019942999,.0018723001,.0017886,.0044001001,.0029565,.0028557,.0028063001,.0030602999,.0019381,.0021758999,.0025931001,.0047701998,0,0,0,0,0,0,0,0,0,0,0,0,0,0,0,0,0,0,0,9.0459737e-09,-2.7761298e-11,0,0,0,0,310990.94,1096009,.22103123,0
Rav 4,Toyota,Toyota Group,2016,1496000,2,146,7.4,197,577,SUV,?,30603,1,0,0,0,0,1121695.8,.25,9,.0030602999,.084985301,-5.7004271,0,0,0,0,0,0,1,0,0,42.299999,2,36.299999,2711,150,2269,183.89999,7.2000003,161.89999,4430,160,3876,12010,506,10350,14,-6.4761915,4.8210559,21,.0024482398,1196800,.0029843999,.0021929001,.0090380004,.0015081,.0087662004,.0019003,.001579,.0027274,.0087726004,.0020981999,.0029341001,.0017553,.0055173999,.0019942999,.0018723001,.0017886,.0044001001,.0029565,.0028557,.0028063001,.0030602999,.0019381,.0021758999,.0025931001,.0047701998,0,0,0,0,0,0,0,0,0,0,0,0,0,0,0,0,0,0,0,-2.7761298e-11,9.8622168e-09,0,0,0,0,249119.78,947680.25,.16652392,.30000001
Patriot,Uaz,UAZ,2016,699000,2.7,128,11.5,210,1200,SUV,Russia,19381,1,0,0,0,1,524107.84,0,10,.0019381,.084985301,-6.1572318,0,0,0,0,0,0,0,1,0,42.299999,4.7683717e-08,36.899998,2711,0,2455,183.89999,0,160.89999,4430,0,4010,12010,0,9610,15,-6.1372428,2.2551546,22,.0019381,699000,.0029843999,.0021929001,.0090380004,.0015081,.0087662004,.0019003,.001579,.0027274,.0087726004,.0020981999,.0029341001,.0017553,.0055173999,.0019942999,.0018723001,.0017886,.0044001001,.0029565,.0028557,.0028063001,.0030602999,.0019381,.0021758999,.0025931001,.0047701998,0,0,0,0,0,0,0,0,0,0,0,0,0,0,0,0,0,0,0,0,0,6.2528116e-09,0,0,0,309956.56,389043.44,.44342855,0
Octavia a7,Skoda,Volkswagen AG,2016,924000,1.6,110,6.4,155,568,hatchback,Russia,21759,0,1,0,0,1,692812.13,0,11,.0021758999,.084985301,-6.0414977,0,0,0,0,0,0,0,0,1,42.299999,3.2000003,35.899998,2711,180,2311,183.89999,11.6,159.5,4430,333,3787,12010,990,9884,13,-5.6338043,2.9803526,23,.0021758999,924000,.0029843999,.0021929001,.0090380004,.0015081,.0087662004,.0019003,.001579,.0027274,.0087726004,.0020981999,.0029341001,.0017553,.0055173999,.0019942999,.0018723001,.0017886,.0044001001,.0029565,.0028557,.0028063001,.0030602999,.0019381,.0021758999,.0025931001,.0047701998,0,0,0,0,0,0,0,0,0,0,0,0,0,0,0,0,0,0,0,0,0,0,7.0183428e-09,-1.8238952e-11,-3.3551904e-11,312335.28,611664.75,.33802518,0
Rapid,Skoda,Volkswagen AG,2016,622000,1.6,90,5.8,170,530,hatchback,Russia,25931,0,1,0,0,1,466373.53,0,11,.0025931001,.084985301,-5.866086,0,0,0,0,0,0,0,0,1,42.299999,3.2000003,35.899998,2711,200,2331,183.89999,12.2,160.09999,4430,318,3772,12010,1028,9922,13,-5.3759375,2.0054159,24,.0025931001,622000,.0029843999,.0021929001,.0090380004,.0015081,.0087662004,.0019003,.001579,.0027274,.0087726004,.0020981999,.0029341001,.0017553,.0055173999,.0019942999,.0018723001,.0017886,.0044001001,.0029565,.0028557,.0028063001,.0030602999,.0019381,.0021758999,.0025931001,.0047701998,0,0,0,0,0,0,0,0,0,0,0,0,0,0,0,0,0,0,0,0,0,0,-1.8238952e-11,8.3605212e-09,-3.9985040e-11,312335.25,309664.75,.50214672,0
Polo,Volkswagen,Volkswagen AG,2016,599900,1.6,90,5.8,163,460,sedan,Russia,47702,0,0,1,0,1,449803.03,0,11,.0047701998,.084985301,-5.2565517,0,0,0,0,0,0,0,0,1,42.299999,3.2000003,35.899998,2711,200,2331,183.89999,12.2,160.09999,4430,325,3779,12010,1098,9992,16,-5.4172568,1.9299405,25,.0047701998,599900,.0029843999,.0021929001,.0090380004,.0015081,.0087662004,.0019003,.001579,.0027274,.0087726004,.0020981999,.0029341001,.0017553,.0055173999,.0019942999,.0018723001,.0017886,.0044001001,.0029565,.0028557,.0028063001,.0030602999,.0019381,.0021758999,.0025931001,.0047701998,0,0,0,0,0,0,0,0,0,0,0,0,0,0,0,0,0,0,0,0,0,0,-3.3551904e-11,-3.9985040e-11,1.5346227e-08,312335.25,287564.75,.5206455,0
Niva,Chevrolet,General Motors,2017,608000,1.7,80,10.8,200,320,SUV,Russia,31212,1,0,0,0,1,439653.13,0,2,.0031212,.096781999,-5.6677465,0,1,0,0,0,0,0,0,0,41.200001,4.7683717e-08,37.799999,2708,0,2548,179.60001,1.9073487e-07,158,4450,0,4050,11561,0,10921,1,-5.7690411,1.95924,1,.0031212,608000,.0031212,.0055304999,.0068613999,.0096688997,.0024611,.0018723001,.0019712001,.0029090999,.0093686003,.0019989,.0033601001,.0077291001,.0033319001,.0020222999,.0020626001,.0043827998,.0030966001,.003064,.003021,.0028198999,.0032931,.0022648,.0029445,.0048595001,.0027666001,1.0057861e-08,0,0,0,0,0,0,0,0,0,0,0,0,0,0,0,0,0,0,0,0,0,0,0,0,310324.44,297675.56,.51040202,0
Creta,Hyundai,Hyundai Motor,2017,819900,1.6,123,7,190,402,SUV,Russia,55305,1,0,0,0,1,592881,0,4,.0055304999,.096781999,-5.095686,0,0,1,0,0,0,0,0,0,41.200001,4.8000002,33.200001,2708,350,2112,179.60001,19.4,146.20001,4450,502,3568,11561,1451,9306,5,-5.2850132,2.6356883,2,.0055304999,819900,.0031212,.0055304999,.0068613999,.0096688997,.0024611,.0018723001,.0019712001,.0029090999,.0093686003,.0019989,.0033601001,.0077291001,.0033319001,.0020222999,.0020626001,.0043827998,.0030966001,.003064,.003021,.0028198999,.0032931,.0022648,.0029445,.0048595001,.0027666001,0,1.7778600e-08,-1.2266448e-10,-1.7285547e-10,-4.3998243e-11,0,0,0,0,0,0,0,0,0,0,0,0,0,0,0,0,0,0,0,0,316976.41,502923.59,.38660374,0
Solaris,Hyundai,Hyundai Motor,2017,654900,1.4,100,5.7,160,480,sedan,Russia,68614,0,0,1,0,1,473567.22,0,4,.0068613999,.096781999,-4.8800526,0,0,1,0,0,0,0,0,0,41.200001,5,33.400002,2708,373,2135,179.60001,20.699999,147.5,4450,532,3598,11561,1373,9228,5,-5.2502503,2.1024542,3,.0068613999,654900,.0031212,.0055304999,.0068613999,.0096688997,.0024611,.0018723001,.0019712001,.0029090999,.0093686003,.0019989,.0033601001,.0077291001,.0033319001,.0020222999,.0020626001,.0043827998,.0030966001,.003064,.003021,.0028198999,.0032931,.0022648,.0029445,.0048595001,.0027666001,0,-1.2266448e-10,2.2027452e-08,-2.1445268e-10,-5.4586301e-11,0,0,0,0,0,0,0,0,0,0,0,0,0,0,0,0,0,0,0,0,316976.44,337923.56,.48400739,0
Rio,Kia,Hyundai Motor,2017,694900,1.4,100,5.7,160,480,sedan,Russia,96689,0,0,1,0,1,502491.72,0,4,.0096688997,.096781999,-4.5370493,0,0,1,0,0,0,0,0,0,41.200001,5,33.400002,2708,373,2135,179.60001,20.699999,147.5,4450,532,3598,11561,1373,9228,6,-5.3795514,2.2245615,4,.0096688997,694900,.0031212,.0055304999,.0068613999,.0096688997,.0024611,.0018723001,.0019712001,.0029090999,.0093686003,.0019989,.0033601001,.0077291001,.0033319001,.0020222999,.0020626001,.0043827998,.0030966001,.003064,.003021,.0028198999,.0032931,.0022648,.0029445,.0048595001,.0027666001,0,-1.7285547e-10,-2.1445268e-10,3.0952744e-08,-7.6921546e-11,0,0,0,0,0,0,0,0,0,0,0,0,0,0,0,0,0,0,0,0,316976.44,377923.56,.45614684,0
Sportage,Kia,Hyundai Motor,2017,1269900,2,150,8,182,491,SUV,?,24611,1,0,0,0,0,918282.19,.25,4,.0024611,.096781999,-5.9053555,0,0,1,0,0,0,0,0,0,41.200001,4.4000001,32.799999,2708,323,2085,179.60001,18.4,145.20001,4450,510,3576,11561,1362,9217,6,-6.3145337,4.0948787,5,.00196888,1015920,.0031212,.0055304999,.0068613999,.0096688997,.0024611,.0018723001,.0019712001,.0029090999,.0093686003,.0019989,.0033601001,.0077291001,.0033319001,.0020222999,.0020626001,.0043827998,.0030966001,.003064,.003021,.0028198999,.0032931,.0022648,.0029445,.0048595001,.0027666001,0,-4.3998243e-11,-5.4586301e-11,-7.6921546e-11,7.9359843e-09,0,0,0,0,0,0,0,0,0,0,0,0,0,0,0,0,0,0,0,0,255105.25,760814.75,.2008861,.30000001
Cx-5,Mazda,Mazda Motor Corporation,2017,1445000,2,150,6.8,192,442,SUV,Russia,18723,1,0,0,0,1,1044899.4,0,5,.0018723001,.096781999,-6.1787963,0,0,0,1,0,0,0,0,0,41.200001,0,37.200001,2708,0,2408,179.60001,1.9073487e-07,166,4450,0,4066,11561,0,10677,8,-6.5263853,4.662251,6,.0018723001,1445000,.0031212,.0055304999,.0068613999,.0096688997,.0024611,.0018723001,.0019712001,.0029090999,.0093686003,.0019989,.0033601001,.0077291001,.0033319001,.0020222999,.0020626001,.0043827998,.0030966001,.003064,.003021,.0028198999,.0032931,.0022648,.0029445,.0048595001,.0027666001,0,0,0,0,0,6.0409220e-09,0,0,0,0,0,0,0,0,0,0,0,0,0,0,0,0,0,0,0,309936.16,1135063.9,.21448869,0
on-do,Datsun,Renault Group,2017,493000,1.6,87,7,174,530,sedan,Russia,19712,0,0,1,0,1,356495.06,0,7,.0019712001,.096781999,-6.1273212,0,0,0,0,0,1,0,0,0,41.200001,19.299999,18.700001,2708,1207,1327,179.60001,89.5,76.100006,4450,2157,1945,11561,5160,5341,3,-5.254365,1.5904927,7,.0019712001,493000,.0031212,.0055304999,.0068613999,.0096688997,.0024611,.0018723001,.0019712001,.0029090999,.0093686003,.0019989,.0033601001,.0077291001,.0033319001,.0020222999,.0020626001,.0043827998,.0030966001,.003064,.003021,.0028198999,.0032931,.0022648,.0029445,.0048595001,.0027666001,0,0,0,0,0,0,6.3593903e-09,-1.8536641e-11,-5.9696255e-11,-1.2736891e-11,-2.1410393e-11,-4.9249445e-11,-2.1230703e-11,-1.2885995e-11,-1.3142786e-11,-2.7926984e-11,-1.9731383e-11,-1.9523657e-11,-1.9249663e-11,0,0,0,0,0,0,325062.25,167937.75,.65935546,0
4x4,Lada,Renault Group,2017,483900,1.7,83,9.9,205,265,SUV,Russia,29091,1,0,0,0,1,349914.75,0,7,.0029090999,.096781999,-5.7381201,0,0,0,0,0,1,0,0,0,41.200001,19.199999,18.6,2708,1211,1331,179.60001,86.599998,73.200005,4450,2126,1914,11561,5425,5606,7,-5.7786741,1.5596676,8,.0029090999,483900,.0031212,.0055304999,.0068613999,.0096688997,.0024611,.0018723001,.0019712001,.0029090999,.0093686003,.0019989,.0033601001,.0077291001,.0033319001,.0020222999,.0020626001,.0043827998,.0030966001,.003064,.003021,.0028198999,.0032931,.0022648,.0029445,.0048595001,.0027666001,0,0,0,0,0,0,-1.8536641e-11,9.3763770e-09,-8.8099826e-11,-1.8797124e-11,-3.1597485e-11,-7.2682402e-11,-3.1332301e-11,-1.9017170e-11,-1.9396143e-11,-4.1214681e-11,-2.9119603e-11,-2.8813040e-11,-2.8408680e-11,0,0,0,0,0,0,325062.28,158837.72,.67175508,0
Granta,Lada,Renault Group,2017,409900,1.6,87,6.6,160,520,sedan,Russia,93686,0,0,1,0,1,296404.31,0,7,.0093686003,.096781999,-4.5686002,0,0,0,0,0,1,0,0,0,41.200001,19.299999,18.700001,2708,1207,1327,179.60001,89.900002,76.500008,4450,2171,1959,11561,5170,5351,7,-5.0221062,1.3125979,9,.0093686003,409900,.0031212,.0055304999,.0068613999,.0096688997,.0024611,.0018723001,.0019712001,.0029090999,.0093686003,.0019989,.0033601001,.0077291001,.0033319001,.0020222999,.0020626001,.0043827998,.0030966001,.003064,.003021,.0028198999,.0032931,.0022648,.0029445,.0048595001,.0027666001,0,0,0,0,0,0,-5.9696255e-11,-8.8099826e-11,3.0000500e-08,-6.0535126e-11,-1.0175801e-10,-2.3406976e-10,-1.0090399e-10,-6.1243774e-11,-6.2464235e-11,-1.3272967e-10,-9.3778117e-11,-9.2790851e-11,-9.1488629e-11,0,0,0,0,0,0,325062.25,84837.75,.79302818,0
Kalina,Lada,Renault Group,2017,475200,1.6,87,7,145,355,universal,Russia,19989,0,0,0,1,1,343623.63,0,7,.0019989,.096781999,-6.1133671,0,0,0,0,0,1,0,0,0,41.200001,19.299999,18.700001,2708,1207,1327,179.60001,89.5,76.100006,4450,2186,1974,11561,5335,5516,7,-5.4907537,1.5330247,10,.0019989,475200,.0031212,.0055304999,.0068613999,.0096688997,.0024611,.0018723001,.0019712001,.0029090999,.0093686003,.0019989,.0033601001,.0077291001,.0033319001,.0020222999,.0020626001,.0043827998,.0030966001,.003064,.003021,.0028198999,.0032931,.0022648,.0029445,.0048595001,.0027666001,0,0,0,0,0,0,-1.2736891e-11,-1.8797124e-11,-6.0535126e-11,6.4485750e-09,-2.1711256e-11,-4.9941509e-11,-2.1529042e-11,-1.3067073e-11,-1.3327472e-11,-2.8319421e-11,-2.0008653e-11,-1.9798009e-11,-1.9520163e-11,0,0,0,0,0,0,325062.28,150137.72,.6840536,0
Largus,Lada,Renault Group,2017,554900,1.6,87,8.199999999999999,145,560,universal,Russia,33601,0,0,0,1,1,401255.81,0,7,.0033601001,.096781999,-5.5939932,0,0,0,0,0,1,0,0,0,41.200001,19.299999,18.700001,2708,1207,1327,179.60001,88.300003,74.900009,4450,2186,1974,11561,5130,5311,7,-5.4196496,1.7877002,11,.0033601001,554900,.0031212,.0055304999,.0068613999,.0096688997,.0024611,.0018723001,.0019712001,.0029090999,.0093686003,.0019989,.0033601001,.0077291001,.0033319001,.0020222999,.0020626001,.0043827998,.0030966001,.003064,.003021,.0028198999,.0032931,.0022648,.0029445,.0048595001,.0027666001,0,0,0,0,0,0,-2.1410393e-11,-3.1597485e-11,-1.0175801e-10,-2.1711256e-11,1.0825106e-08,-8.3950409e-11,-3.6189773e-11,-2.1965417e-11,-2.2403142e-11,-4.7604230e-11,-3.3634040e-11,-3.3279952e-11,-3.2812902e-11,0,0,0,0,0,0,325062.25,229837.75,.58580327,0
Vesta,Lada,Renault Group,2017,569900,1.6,106,6.9,178,480,sedan,Russia,77291,0,0,1,0,1,412102.5,0,7,.0077291001,.096781999,-4.7609715,0,0,0,0,0,1,0,0,0,41.200001,19.299999,18.700001,2708,1188,1308,179.60001,89.599998,76.200005,4450,2153,1941,11561,5210,5391,7,-4.942245,1.8279765,12,.0077291001,569900,.0031212,.0055304999,.0068613999,.0096688997,.0024611,.0018723001,.0019712001,.0029090999,.0093686003,.0019989,.0033601001,.0077291001,.0033319001,.0020222999,.0020626001,.0043827998,.0030966001,.003064,.003021,.0028198999,.0032931,.0022648,.0029445,.0048595001,.0027666001,0,0,0,0,0,0,-4.9249445e-11,-7.2682402e-11,-2.3406976e-10,-4.9941509e-11,-8.3950409e-11,2.4791390e-08,-8.3245848e-11,-5.0526146e-11,-5.1533028e-11,-1.0950205e-10,-7.7366995e-11,-7.6552500e-11,-7.5478165e-11,0,0,0,0,0,0,325062.25,244837.75,.57038474,0
Xray,Lada,Renault Group,2017,599900,1.6,106,7.2,195,361,hatchback,Russia,33319,0,1,0,0,1,433795.88,0,7,.0033319001,.096781999,-5.6024213,0,0,0,0,0,1,0,0,0,41.200001,19.299999,18.700001,2708,1188,1308,179.60001,89.300003,75.900009,4450,2136,1924,11561,5329,5510,7,-5.195683,1.9327296,13,.0033319001,599900,.0031212,.0055304999,.0068613999,.0096688997,.0024611,.0018723001,.0019712001,.0029090999,.0093686003,.0019989,.0033601001,.0077291001,.0033319001,.0020222999,.0020626001,.0043827998,.0030966001,.003064,.003021,.0028198999,.0032931,.0022648,.0029445,.0048595001,.0027666001,0,0,0,0,0,0,-2.1230703e-11,-3.1332301e-11,-1.0090399e-10,-2.1529042e-11,-3.6189773e-11,-8.3245848e-11,1.0734559e-08,-2.1781070e-11,-2.2215122e-11,-4.7204705e-11,-3.3351762e-11,-3.3000644e-11,-3.2537514e-11,0,0,0,0,0,0,325062.28,274837.72,.54186076,0
Qashqai,Nissan,Renault Group,2017,1244000,1.2,115,6.2,200,430,SUV,Russia,20223,1,0,0,0,1,899553.56,0,7,.0020222999,.096781999,-6.1017284,0,0,0,0,0,1,0,0,0,41.200001,19.699999,19.1,2708,1179,1299,179.60001,90.300003,76.900009,4450,2131,1919,11561,5260,5441,10,-6.4775887,4.0131269,14,.0020222999,1244000,.0031212,.0055304999,.0068613999,.0096688997,.0024611,.0018723001,.0019712001,.0029090999,.0093686003,.0019989,.0033601001,.0077291001,.0033319001,.0020222999,.0020626001,.0043827998,.0030966001,.003064,.003021,.0028198999,.0032931,.0022648,.0029445,.0048595001,.0027666001,0,0,0,0,0,0,-1.2885995e-11,-1.9017170e-11,-6.1243774e-11,-1.3067073e-11,-2.1965417e-11,-5.0526146e-11,-2.1781070e-11,6.5239121e-09,-1.3483489e-11,-2.8650941e-11,-2.0242884e-11,-2.0029773e-11,-1.9748675e-11,0,0,0,0,0,0,325062.25,918937.75,.26130405,0
X-trail,Nissan,Renault Group,2017,1529000,2,144,8.300000000000001,210,497,SUV,Russia,20626,1,0,0,0,1,1105640.9,0,7,.0020626001,.096781999,-6.0819964,0,0,0,0,0,1,0,0,0,41.200001,18.9,18.300001,2708,1150,1270,179.60001,88.199997,74.800003,4450,2121,1909,11561,5193,5374,10,-7.1007671,4.9323339,15,.0020626001,1529000,.0031212,.0055304999,.0068613999,.0096688997,.0024611,.0018723001,.0019712001,.0029090999,.0093686003,.0019989,.0033601001,.0077291001,.0033319001,.0020222999,.0020626001,.0043827998,.0030966001,.003064,.003021,.0028198999,.0032931,.0022648,.0029445,.0048595001,.0027666001,0,0,0,0,0,0,-1.3142786e-11,-1.9396143e-11,-6.2464235e-11,-1.3327472e-11,-2.2403142e-11,-5.1533028e-11,-2.2215122e-11,-1.3483489e-11,6.6536510e-09,-2.9221892e-11,-2.0646282e-11,-2.0428924e-11,-2.0142225e-11,0,0,0,0,0,0,325062.25,1203937.8,.21259794,0
Duster,Renault,Renault Group,2017,689000,1.6,114,7.4,205,475,SUV,Russia,43828,1,0,0,0,1,498225.41,0,7,.0043827998,.096781999,-5.3282762,0,0,0,0,0,1,0,0,0,41.200001,19.299999,18.700001,2708,1180,1300,179.60001,89.099998,75.700005,4450,2126,1914,11561,5215,5396,12,-5.0314708,2.2174473,16,.0043827998,689000,.0031212,.0055304999,.0068613999,.0096688997,.0024611,.0018723001,.0019712001,.0029090999,.0093686003,.0019989,.0033601001,.0077291001,.0033319001,.0020222999,.0020626001,.0043827998,.0030966001,.003064,.003021,.0028198999,.0032931,.0022648,.0029445,.0048595001,.0027666001,0,0,0,0,0,0,-2.7926984e-11,-4.1214681e-11,-1.3272967e-10,-2.8319421e-11,-4.7604230e-11,-1.0950205e-10,-4.7204705e-11,-2.8650941e-11,-2.9221892e-11,1.4105410e-08,-4.3871091e-11,-4.3409231e-11,-4.2800027e-11,0,0,0,0,0,0,325062.25,363937.75,.47178847,0
Kaptur,Renault,Renault Group,2017,934000,1.6,114,7.4,204,387,SUV,Russia,30966,1,0,0,0,1,675388.25,0,7,.0030966001,.096781999,-5.6756592,0,0,0,0,0,1,0,0,0,41.200001,19.299999,18.700001,2708,1180,1300,179.60001,89.099998,75.700005,4450,2127,1915,11561,5303,5484,12,-5.9570317,3.0098276,17,.0030966001,934000,.0031212,.0055304999,.0068613999,.0096688997,.0024611,.0018723001,.0019712001,.0029090999,.0093686003,.0019989,.0033601001,.0077291001,.0033319001,.0020222999,.0020626001,.0043827998,.0030966001,.003064,.003021,.0028198999,.0032931,.0022648,.0029445,.0048595001,.0027666001,0,0,0,0,0,0,-1.9731383e-11,-2.9119603e-11,-9.3778117e-11,-2.0008653e-11,-3.3634040e-11,-7.7366995e-11,-3.3351762e-11,-2.0242884e-11,-2.0646282e-11,-4.3871091e-11,9.9788355e-09,-3.0670126e-11,-3.0239703e-11,0,0,0,0,0,0,325062.28,608937.75,.34803241,0
Logan,Renault,Renault Group,2017,534000,1.6,82,7.2,155,510,sedan,Russia,30640,0,0,1,0,1,386142.75,0,7,.003064,.096781999,-5.6862426,0,0,0,0,0,1,0,0,0,41.200001,19.299999,18.700001,2708,1212,1332,179.60001,89.300003,75.900009,4450,2176,1964,11561,5180,5361,12,-5.6002817,1.7208786,18,.003064,534000,.0031212,.0055304999,.0068613999,.0096688997,.0024611,.0018723001,.0019712001,.0029090999,.0093686003,.0019989,.0033601001,.0077291001,.0033319001,.0020222999,.0020626001,.0043827998,.0030966001,.003064,.003021,.0028198999,.0032931,.0022648,.0029445,.0048595001,.0027666001,0,0,0,0,0,0,-1.9523657e-11,-2.8813040e-11,-9.2790851e-11,-1.9798009e-11,-3.3279952e-11,-7.6552500e-11,-3.3000644e-11,-2.0029773e-11,-2.0428924e-11,-4.3409231e-11,-3.0670126e-11,9.8741051e-09,-2.9921350e-11,0,0,0,0,0,0,325062.25,208937.75,.60873079,0
Sandero,Renault,Renault Group,2017,534000,1.6,82,7.2,155,320,hatchback,Russia,30210,0,1,0,0,1,386142.75,0,7,.003021,.096781999,-5.700376,0,0,0,0,0,1,0,0,0,41.200001,19.299999,18.700001,2708,1212,1332,179.60001,89.300003,75.900009,4450,2176,1964,11561,5370,5551,12,-5.8864617,1.7209527,19,.003021,534000,.0031212,.0055304999,.0068613999,.0096688997,.0024611,.0018723001,.0019712001,.0029090999,.0093686003,.0019989,.0033601001,.0077291001,.0033319001,.0020222999,.0020626001,.0043827998,.0030966001,.003064,.003021,.0028198999,.0032931,.0022648,.0029445,.0048595001,.0027666001,0,0,0,0,0,0,-1.9249663e-11,-2.8408680e-11,-9.1488629e-11,-1.9520163e-11,-3.2812902e-11,-7.5478165e-11,-3.2537514e-11,-1.9748675e-11,-2.0142225e-11,-4.2800027e-11,-3.0239703e-11,-2.9921350e-11,9.7359516e-09,0,0,0,0,0,0,325062.28,208937.72,.60873085,0
Camry,Toyota,Toyota Group,2017,1407000,2,150,7.2,160,506,sedan,Russia,28199,0,0,1,0,1,1017421.1,0,9,.0028198999,.096781999,-5.7692623,0,0,0,0,0,0,1,0,0,41.200001,2,35.200001,2708,146,2262,179.60001,7.4000006,157.8,4450,197,3933,11561,577,9972,14,-5.9942479,4.5353351,20,.0028198999,1407000,.0031212,.0055304999,.0068613999,.0096688997,.0024611,.0018723001,.0019712001,.0029090999,.0093686003,.0019989,.0033601001,.0077291001,.0033319001,.0020222999,.0020626001,.0043827998,.0030966001,.003064,.003021,.0028198999,.0032931,.0022648,.0029445,.0048595001,.0027666001,0,0,0,0,0,0,0,0,0,0,0,0,0,0,0,0,0,0,0,9.0896881e-09,-3.0017901e-11,0,0,0,0,311053.56,1095946.5,.22107574,0
Rav 4,Toyota,Toyota Group,2017,1496000,2,146,7.4,197,577,SUV,?,32931,1,0,0,0,0,1081778.1,.25,9,.0032931,.096781999,-5.6141348,0,0,0,0,0,0,1,0,0,41.200001,2,35.200001,2708,150,2266,179.60001,7.2000003,157.60001,4450,160,3896,11561,506,9901,14,-6.4761915,4.8199301,21,.0026344801,1196800,.0031212,.0055304999,.0068613999,.0096688997,.0024611,.0018723001,.0019712001,.0029090999,.0093686003,.0019989,.0033601001,.0077291001,.0033319001,.0020222999,.0020626001,.0043827998,.0030966001,.003064,.003021,.0028198999,.0032931,.0022648,.0029445,.0048595001,.0027666001,0,0,0,0,0,0,0,0,0,0,0,0,0,0,0,0,0,0,0,-3.0017901e-11,1.0609968e-08,0,0,0,0,249182.41,947617.63,.16656578,.30000001
Octavia a7,Skoda,Volkswagen AG,2017,999000,1.6,110,6.4,155,568,hatchback,Russia,22648,0,1,0,0,1,722390.63,0,11,.0022648,.096781999,-5.9884777,0,0,0,0,0,0,0,0,1,41.200001,4.5999999,33.400002,2708,305,2183,179.60001,18.1,148.70001,4450,523,3617,11561,1605,8820,13,-5.8762436,3.2219772,22,.0022648,999000,.0031212,.0055304999,.0068613999,.0096688997,.0024611,.0018723001,.0019712001,.0029090999,.0093686003,.0019989,.0033601001,.0077291001,.0033319001,.0020222999,.0020626001,.0043827998,.0030966001,.003064,.003021,.0028198999,.0032931,.0022648,.0029445,.0048595001,.0027666001,0,0,0,0,0,0,0,0,0,0,0,0,0,0,0,0,0,0,0,0,0,7.3044384e-09,-2.1556741e-11,-3.5576493e-11,-2.0254333e-11,313378.19,685621.81,.31369188,0
Rapid,Skoda,Volkswagen AG,2017,646000,1.6,90,5.8,170,530,hatchback,Russia,29445,0,1,0,0,1,467131.47,0,11,.0029445,.096781999,-5.7260251,0,0,0,0,0,0,0,0,1,41.200001,4.5999999,33.400002,2708,325,2203,179.60001,18.700001,149.3,4450,508,3602,11561,1643,8858,13,-5.4535179,2.0820615,23,.0029445,646000,.0031212,.0055304999,.0068613999,.0096688997,.0024611,.0018723001,.0019712001,.0029090999,.0093686003,.0019989,.0033601001,.0077291001,.0033319001,.0020222999,.0020626001,.0043827998,.0030966001,.003064,.003021,.0028198999,.0032931,.0022648,.0029445,.0048595001,.0027666001,0,0,0,0,0,0,0,0,0,0,0,0,0,0,0,0,0,0,0,0,0,-2.1556741e-11,9.4901393e-09,-4.6253525e-11,-2.6332957e-11,313378.16,332621.84,.48510551,0
Polo,Volkswagen,Volkswagen AG,2017,599900,1.6,90,5.8,163,460,sedan,Russia,48595,0,0,1,0,1,433795.88,0,11,.0048595001,.096781999,-5.2250285,0,0,0,0,0,0,0,0,1,41.200001,4.5999999,33.400002,2708,325,2203,179.60001,18.700001,149.3,4450,515,3609,11561,1713,8928,16,-5.4172568,1.9297674,24,.0048595001,599900,.0031212,.0055304999,.0068613999,.0096688997,.0024611,.0018723001,.0019712001,.0029090999,.0093686003,.0019989,.0033601001,.0077291001,.0033319001,.0020222999,.0020626001,.0043827998,.0030966001,.003064,.003021,.0028198999,.0032931,.0022648,.0029445,.0048595001,.0027666001,0,0,0,0,0,0,0,0,0,0,0,0,0,0,0,0,0,0,0,0,0,-3.5576493e-11,-4.6253525e-11,1.5632112e-08,-4.3458993e-11,313378.19,286521.81,.52238405,0
Tiguan,Volkswagen,Volkswagen AG,2017,1459000,1.4,125,6.5,190,615,SUV,Russia,27666,1,0,0,0,1,1055023,0,11,.0027666001,.096781999,-5.7883449,0,0,0,0,0,0,0,0,1,41.200001,4.7999997,33.600002,2708,290,2168,179.60001,18,148.60001,4450,488,3582,11561,1558,8773,16,-6.5502243,4.7032037,25,.0027666001,1459000,.0031212,.0055304999,.0068613999,.0096688997,.0024611,.0018723001,.0019712001,.0029090999,.0093686003,.0019989,.0033601001,.0077291001,.0033319001,.0020222999,.0020626001,.0043827998,.0030966001,.003064,.003021,.0028198999,.0032931,.0022648,.0029445,.0048595001,.0027666001,0,0,0,0,0,0,0,0,0,0,0,0,0,0,0,0,0,0,0,0,0,-2.0254333e-11,-2.6332957e-11,-4.3458993e-11,8.9183576e-09,313378.19,1145621.8,.2147897,0
